異動,藥品代號,藥品英文名稱,藥品中文名稱,規格量,規格單位,單複方,參考價,有效起日,有效迄日,製造廠名稱,劑型,成份,ATC_CODE,Unnamed: 14,適應症,用法用量,注意事項
,A000895100,TRANZEPAM TABLETS,可助寧錠,0.0,,單方,0.8,1030701,9991231,約克製藥股份有限公司,錠劑,DIAZEPAM,N05BA01,,焦憂狀態、失眠、肌肉痙攣,資訊不足,資訊不足
,A001046100,MAGNESIUM OXIDE TABLETS ”H.L”,”華琳”氧化鎂錠,0.0,,單方,0.32,1120601,9991231,華琳實業有限公司,錠劑,MAGNESIUM OXIDE,A02AA02,,,,
,A001050277,DEXTROSE INJECTION 10% ”ASTAR”,葡萄糖注射液１０％,500.0,ML,單方,21.1,1030701,9991231,安星製藥股份有限公司,注射劑,DEXTROSE,B05BA03,,葡萄糖補給、手術或創傷及其他病症所引起之失水狀況之水份補給,資訊不足,資訊不足
,A001217100,DIAZEPAM TABLETS,維靜錠,0.0,,單方,0.8,1030701,9991231,華盛頓製藥廠股份有限,錠劑,DIAZEPAM,N05BA01,,焦慮狀態、失眠肌肉痙攣,資訊不足,資訊不足
,A001226100,PREDNISOLONE TABLETS 5MG ”S.Y.”,保利朗錠５公絲,0.0,,單方,0.9,1030701,9991231,健喬信元醫藥生技股份,錠劑,PREDNISOLONE,H02AB06,,,,
,A001398100,NALIDIN TABLETS 500MG ”N.C.P.”,那利定錠５００公絲,0.0,,單方,2.22,1080401,9991231,新喜國際企業股份有限,錠劑,NALIDIXIC ACID,J01MB02,,革蘭氏陰性菌引起之感染症、如細菌性痢疾、急慢性腸炎、急慢性尿路感染症（腎盂炎、尿管炎、膀胱炎、尿道炎）膽管炎、膽囊炎,資訊不足,資訊不足
,A001420309,FURAN OINTMENT,膚朗軟膏,1.0,GM,單方,0.28,1001201,9991231,生達化學製藥股份有限,軟膏劑,NITROFURAZONE,D08AF01,,急救、預防及減緩皮膚刀傷、刮傷、燙傷之感染。,資訊不足,資訊不足
,A001437277,AMPICILLIN INJECTION 500 MG ”CHI SHENG”,”濟生”安比西林注射劑５００毫克,500.0,MG,單方,10.6,1050501,9991231,濟生醫藥生技股份有限,注射劑,AMPICILLIN (SODIUM),J01CA01,,,,
,A001448100,NOSCAPINE TABLETS ”YU SHENG”,諾司卡賓錠,0.0,,單方,0.83,1110101,9991231,優生製藥廠股份有限公,錠劑,NOSCAPINE,R05DA07,,鎮咳,資訊不足,資訊不足
,A001584100,MAGNESIA TABLETS ”WASHINGTON”,氧化鎂錠,0.0,,單方,0.32,1120601,9991231,華盛頓製藥廠股份有限,錠劑,MAGNESIUM OXIDE,A02AA02,,緩解胃部不適或灼熱感，或胃、十二指腸潰瘍、胃炎、食道炎伴胃酸過多。,資訊不足,資訊不足
,A002362100,BROSCO TABLETS ”ORIENTAL”,普樂施克錠,0.0,,單方,0.96,1030701,9991231,東洲化學製藥廠股份有,錠劑,BUTYLSCOPOLAMINE BROMIDE (=HYOSCINE BUTYLBROMIDE),A03BB01,,胃潰瘍、十二指腸潰瘍、胃炎、十二指腸炎、腸疝痛、膽管之痙攣、尿路之痙攣,資訊不足,資訊不足
,A003023212,FUYULIN INJECTION ”ASTAR”,膚癒寧注射液,2.0,ML,複方,7.1,920301,9991231,安星製藥股份有限公司,注射劑,BIOTIN+CHLORPHENIRAMINE MALEATE+FLAVINEADENINE DINUCLEOTIDE+METHIONINE DL-+NIACINAMIDE (=NICOTINAMIDE)+PANTHENOL,R06AB54,,濕疹、皮膚炎、蕁麻疹、口角炎、口唇炎、皮膚搔癢症、汗疹、鼻炎,資訊不足,資訊不足
,A003386229,ORICORT-IM INJECTION,歐力克特肌肉注射液,10.0,ML,單方,57,1030701,9991231,東洲化學製藥廠股份有,注射劑,TRIAMCINOLONE (ACETONIDE),H02AB08,,風濕性關節炎、變形性關節炎、滑液囊炎、腱炎、皮膚炎、支氣管氣喘、天疱瘡、過敏性及發炎性眼科疾患、肉芽腫,資訊不足,資訊不足
,A003786209,ERGOMETRIN INJECTION ”ASTAR”,麥角新　注射液,1.0,ML,單方,2.76,1001201,9991231,安星製藥股份有限公司,注射劑,ERGONOVINE MALEATE,G02AB03,,,,
,A004073221,STACORT-A INJECTION  10MG ”STANDARD”,善達克注射液,5.0,ML,單方,23.8,1030701,9991231,生達化學製藥股份有限,注射劑,TRIAMCINOLONE ACETONIDE,H02AB08,,風濕性關節炎、骨關節炎、滑囊炎、腱鞘囊腫、腱炎、過敏性皮膚炎、濕疹、局限性狼瘡,資訊不足,資訊不足
,A004466297,TRICILLIN INJECTION ”VPP”,三青黴素注射劑,1.2,MU,複方,12.4,1050501,9991231,榮民製藥股份有限公司,乾粉注射劑,PENICILLIN G BENZATHINE+PENICILLIN G POTASSIUM (=BENZYLPENICILLIN POTASSIU+PENICILLIN G PROCAINE,J01CE08,,對青黴素敏感之細菌所致的淋病、肺炎、溶血鏈球菌及葡萄球菌感染,資訊不足,資訊不足
,A004852212,COUGSTIN INJECTION ”ASTAR”,優咳鎮注射液,2.0,ML,複方,4.07,890401,9991231,安星製藥股份有限公司,注射劑,CHLORPHENIRAMINE MALEATE+GUAIACOL GLYCERYL ETHER (=GUAIFENESIN)+METHYLEPHEDRINE DL- HCL,R05X,,鎮咳、袪痰（支氣管性氣喘、急慢性支氣管炎、急慢性喉頭炎所引起之咳嗽、喀痰）,資訊不足,資訊不足
,A005300100,PHENOBARBITAL TABLETS 32MG ”VPP”,苯巴比特魯錠３２公絲　〝榮民〞,0.0,,單方,0.68,1030701,9991231,榮民製藥股份有限公司,錠劑,PHENOBARBITAL,N03AA02,,,,
,A006245100,KINLIZONE TABLETS,筋力弛錠,0.0,,單方,0.73,1030701,9991231,豐田藥品股份有限公司,錠劑,CHLORMEZANONE,M03BB02,,溫和焦慮及緊張狀態,資訊不足,資訊不足
,A006761100,TRIZYLASE CAPSULES ”BOWLIN”,三酵素膠囊,0.0,,複方,0.9,1030701,9991231,寶齡富錦生技股份有限,膠囊劑,DIASTASE+PANCREATIN (=DIASTASE VERA)+PEPSIN SACCHARATED,A09AA02,,幫助消化。,資訊不足,資訊不足
,A007037100,CERIATIN TABLETS,施力阿進錠,0.0,,單方,0.7,1030701,9991231,聯亞藥業股份有限公司,錠劑,CYPROHEPTADINE HCL,R06AX02,,過敏性疾患、蕁麻疹、皮膚炎、藥物過敏、搔癢症、鼻炎、枯草熱,資訊不足,資訊不足
,A007544221,CHLORPROMAZINE HCL 125MG/5ML ”VPP”,鹽酸氯普魯麻淨注射劑１２５公絲／５公撮,5.0,ML,單方,3.64,890401,9991231,榮民製藥股份有限公司,注射劑,CHLORPROMAZINE HCL,N05AA01,,,,
,A008192100,BROMOCIX TABLETS,痰必清錠,0.0,,單方,0.26,1110101,9991231,衛肯生技製藥股份有限,錠劑,BROMHEXINE HCL,R05CB02,,祛痰及減少呼吸道黏膜分泌物的粘稠性,資訊不足,資訊不足
,A008907100,ASVERIN TABLETS 20MG,安嗽寧錠２０毫克,0.0,,單方,0.77,1110101,9991231,台灣田邊製藥股份有限,錠劑,TIPEPIDINE HIBENZATE,R05DB24,,鎮咳。,資訊不足,資訊不足
,A009369100,BISACODYL S.C. TABLETS ”HONTEN”,泌塞可利爾糖衣錠,0.0,,單方,0.4,840301,9991231,豐田藥品股份有限公司,糖衣錠,BISACODYL,A06AB02,,暫時緩解便秘,資訊不足,資訊不足
,A0099831G0,CYASIN S.C. TABLETS(鋁箔/膠箔),即安心糖衣錠,0.0,,單方,1.5,970801,9991231,豐田藥品股份有限公司,糖衣錠,DIPYRIDAMOLE,B01AC07,,慢性狹心症治療可能有效,資訊不足,資訊不足
,A0104461G0,ANZUWEI CAPSULES ”H.H.”,”華興”安滋胃膠囊,0.0,,單方,1.5,990801,9991231,華興化學製藥廠股份有,膠囊劑,GUAIAZULENE SODIUM SULFONATE,A02BX93,,,,
,A010777340,NIFUCIN OINTMENT ”PATRON”,耐膚淨軟膏,25.0,GM,單方,16.2,1001201,9991231,臺灣派頓化學製藥股份,軟膏劑,NITROFURAZONE,D08AF01,,急救、預防及緩解皮膚刀傷、刮傷、燙傷之感染。,資訊不足,資訊不足
,A011189151,COLISO SYRUP,好利嗽糖漿,60.0,ML,複方,18.1,1110101,9991231,溫士頓醫藥股份有限公,糖漿劑,AMMONIUM CHLORIDE+CHLORPHENIRAMINE MALEATE+CODEINE PHOSPHATE+EPHEDRINE HCL+POTASSIUM GUAIACOL SULFONATE,R05FA02,,鎮咳、袪痰（過敏性咳嗽、感冒、喉頭炎、支氣管炎、支氣管擴張症等所引起之咳嗽及喀痰）,資訊不足,資訊不足
,A0117061G0,MINXLN TABLETS,敏平錠,0.0,,單方,1.5,990701,9991231,臺灣陽生製藥工業股份,錠劑,HOMOCHLORCYCLIZINE HCL(=HOMOGININ),R06AE91,,,,
,A011969100,PINSU TABLETS,賓舒錠,0.0,,單方,0.37,1091001,9991231,杏林新生製藥股份有限,錠劑,ACETAMINOPHEN (=PARACETAMOL),N02BE01,,退燒、止痛（頭痛、牙痛、咽喉痛、關節痛、神經痛、肌肉酸痛、月經痛）,資訊不足,資訊不足
,A012377329,BETTER-INODINE OINTMENT (POVIDONE IODINE) ”WEI-MING”,優碘軟膏（普威隆碘）,10.0,GM,單方,20.2,981001,9991231,惠民製藥股份有限公司,軟膏劑,IODINE (POVIDONE),D08AG02,,,,
,A012804100,SUPITON TABLETS ”F.B”,”富邦”世鼻通錠,0.0,,複方,0.6,1001201,9991231,富邦藥品有限公司,錠劑,BELLADONNA EXTRACT+CHLORPHENIRAMINE MALEATE+PSEUDOEPHEDRINE HCL,R01BA51,,,,
,A013091100,MEPENZOLATE TABLETS ”S.C.”,玫若雷錠,0.0,,單方,1,951101,9991231,聯亞藥業股份有限公司,錠劑,MEPENZOLATE BROMIDE,A03AB12,,大腸機能異常所引起之腹瀉、腹痛、腹部膨脹感,資訊不足,資訊不足
,A013415100,”IBUPROFEN CAPSULES ””H.C.”””,”””合誠”” 伊普膠囊 ”,0.0,,單方,0.58,1060401,9991231,衛肯生技製藥股份有限,膠囊劑,IBUPROFEN,M01AE01,,,,
,A013644100,LONTEC TABLETS ”H.H.”,”華興” 儂涕克錠,0.0,,複方,0.89,1030701,9991231,華興化學製藥廠股份有,錠劑,CARBINOXAMINE MALEATE+PSEUDOEPHEDRINE HCL,R01BA52,,,,
,A013955100,ORCIPRENALINE TABLETS ”S.Y.”,歐希林錠,0.0,,單方,1.34,1110101,9991231,壽元化學工業股份有限,錠劑,METAPROTERENOL SULFATE(=ORCIPRENALINE SULFATE),R03CB03,,氣喘及支氣管痙攣,資訊不足,資訊不足
,A0142383AN,ZINC OXIDE OINTMENT ”WST”,氧化鋅軟膏,28.4,GM,單方,41.8,981001,9991231,華盛頓製藥廠股份有限,軟膏劑,ZINC OXIDE,D02AB,,緩解皮膚刺激及尿布疹,資訊不足,資訊不足
,A014739100,ORCIRIMINE CAPSULES ”C.R.”,歐西利敏膠囊,0.0,,複方,0.89,1030701,9991231,中菱醫藥有限公司,膠囊劑,CHLORPHENIRAMINE MALEATE+GLYCYRRHIZATE AMMONIUM SALT (=GLYCAMIL)+OROTIC ACID (=VIT B13),R06AB54,,蕁麻疹、嬰兒苔癬、皮膚疹、癢疹、過敏性氣喘、藥物過敏、濕疹及過敏性疾患,資訊不足,資訊不足
,A014894299,GENTAMICIN INJ. 4%,見大黴素注射液４％,1.0,ML,單方,1.19,1091001,9991231,臺裕化學製藥廠股份有,注射劑,GENTAMICIN (SULFATE),J01GB03,,,,
,A015345100,TRIMESIN TABLETS,”大安”舒滅欣錠,0.0,,複方,0.9,1030701,9991231,大安化學製藥股份有限,錠劑,SULFAMETHOXAZOLE+TRIMETHOPRIM,J01EE01,,,,
,A015596100,APAP TABLETS 500MG,益庇益庇錠５００公絲,0.0,,單方,0.2,861201,9991231,強生化學製藥廠股份有,錠劑,ACETAMINOPHEN (=PARACETAMOL),N02BE01,,,,
,A015912100,SALBUTAMOL TABLETS 4MG ”EAYUNG”,”易陽”沙布坦錠4毫克,0.0,,單方,    -,1020501,9991231,易陽實業有限公司,錠劑,ALBUTEROL SULFATE (=SALBUTAMOL SULFATE),R03CC02,,,,
,A016099100,CLOXAMPICIN CAPSULES 500MG ”PANBIOTIC”,刻安黴素膠囊５００公絲,0.0,,複方,1.88,1070501,9991231,臺灣汎生製藥廠股份有,膠囊劑,AMPICILLIN (TRIHYDRATE)+CLOXACILLIN (SODIUM),J01CR50,,葡萄球菌、鏈球菌、肺炎雙球菌、腦膜炎球菌、及其他具有感受性細菌引起之感染症,資訊不足,資訊不足
,A016348100,RHIN TABLETS ”GCPC”,利風錠,0.0,,複方,0.62,951001,9991231,人人化學製藥股份有限,錠劑,ACETAMINOPHEN (=PARACETAMOL)+CAFFEINE ANHYDROUS+CHLORPHENIRAMINE MALEATE DL-+PHENYLEPHRINE HCL,N02BE51,,緩解感冒之各種症狀（咽喉痛、畏寒、發燒、頭痛、關節痛、肌肉酸痛、流鼻水、鼻塞、打噴嚏）,資訊不足,資訊不足
,A016474100,CEPHALEXIN CAPSULES ”TAI YU”,施華露薪黴素膠囊（賜福力欣）,0.0,,單方,1.13,1050401,9991231,臺裕化學製藥廠股份有,膠囊劑,CEPHALEXIN (MONOHYDRATE),J01DB01,,,,
,A0167121G0,ANTISEMIN TABLETS (CYPROHEPTADINE)(鋁箔/膠箔),安清敏錠（塞浦希）(鋁箔/膠箔),0.0,,單方,1.5,1030201,9991231,優良化學製藥股份有限,錠劑,CYPROHEPTADINE HCL,R06AX02,,,,
,A016951100,LITON E.C.TABLETS (BISACODYL)”Y.S.”,”陽生”利通腸衣錠（秘可舒）,0.0,,單方,0.42,890401,9991231,臺灣陽生製藥工業股份,腸溶錠,BISACODYL,A06AB02,,,,
,A017121100,MIN'S TABLETS ”H.C.” (CLEMASTINE),敏之錠（克雷滿汀）,0.0,,單方,0.79,1070501,9991231,回春堂製藥廠股份有限,錠劑,CLEMASTINE (FUMARATE),R06AA04,,,,
,A017441100,PITONNING TABLETS ”CHEN TA”,”成大”平痛寧錠,0.0,,複方,0.74,1030701,9991231,成大藥品股份有限公司,錠劑,ACETAMINOPHEN (=PARACETAMOL)+BROMISOVALUM (=BROMVALERYLUREA) (=BROMVALETONE)+CAFFEINE ANHYDROUS+ETHENZAMIDE (=ETHOXYBENZAMIDE),N02BE71,,,,
,A017882163,UNITUSSIN SYRUP ” CENTER”,” 晟德”佑咳露糖漿,200.0,ML,單方,24.8,1050401,9991231,晟德大藥廠股份有限公,糖漿劑,GUAIACOL GLYCOLATE (=GLYCERYL GUAIACOLATE),R05CA03,,,,
,A018157329,Crolax-H Cream,膚可樂軟膏,10.0,GM,複方,10.1,900401,9991231,天下生物科技股份有限,軟膏劑,CROTAMITON+HYDROCORTISONE,D07XA01,,暫時緩解濕疹、尿布疹、蚊蟲咬傷、皮膚搔癢、皮膚炎等皮膚疾患的症狀。,資訊不足,資訊不足
,A018322321,GENDERON CREAM ”PATRON”,健膚隆親水軟膏,5.0,GM,複方,11.9,1120401,9991231,臺灣派頓化學製藥股份,乳膏劑,BETAMETHASONE (VALERATE)+GENTAMICIN (SULFATE),D07CC01,,濕疹、反膚炎、皮膚搔癢症、癢疹群、蟲刺傷、乾癬、粃糠疹、紅斑症、紅皮症、藥疹、中毒疹、圓形脫毛症、熱傷（瘢痕）火傷、刀傷、凍瘡、天疱瘡、傳染性膿痂疹、化膿性皮疹、痔核、苔癬,資訊不足,資訊不足
,A018559100,LONZUMIN TABLETS ”STANDARD” (BUCLIZINE),普治敏錠（布克利啶）,0.0,,單方,0.44,1060401,9991231,生達化學製藥股份有限,錠劑,BUCLIZINE 2HCL,R06AE01,,暫時緩解過敏性鼻炎、枯草熱相關症狀（流鼻涕、打噴嚏、眼睛及喉部搔癢）及過敏所引起的皮膚癢疹、動暈症所致頭暈、噁心、嘔吐、頭痛等。,資訊不足,資訊不足
,A018696100,BIDYL S.C. TABLETS (BISACODYL) ”C.C.P.”,秘利糖衣錠（秘可舒）,0.0,,單方,0.62,1110101,9991231,中國化學製藥股份有限,糖衣錠,BISACODYL,A06AB02,,,,
,A018896100,SALUTOL TABLETS (SALBUTAMOL) ”KINGDOM”,舒樂通錠（沙布坦）,0.0,,單方,0.83,1040401,9991231,健喬信元醫藥生技股份,錠劑,SALBUTAMOL (SULFATE),R03CC02,,治療支氣管氣喘、小兒氣喘、肺氣腫、急慢性支氣管炎,資訊不足,資訊不足
,A019115100,PAWINT TABLETS ”PATRON”,派暈吐錠,0.0,,複方,1.1,1030501,9991231,臺灣派頓化學製藥股份,錠劑,DIMENHYDRINATE+DIPROPHYLLINE+PYRIDOXINE HCL+SCOPOLAMINE HBR,R03DA51,,暈動病（噁心、暈眩、頭痛）噁心、嘔吐之預防及治療,資訊不足,資訊不足
,A019299143,PANDOL LIQUID (HALOPERIDOL) ”PANBIOTIC”,汎妥樂液（哈羅嗶利杜）,30.0,ML,單方,45.5,1030701,9991231,臺灣汎生製藥廠股份有,內服液劑,HALOPERIDOL,N05AD01,,噪病、精神病狀態、噁心嘔吐、攻擊性與破壞性行為障礙、舞蹈病,資訊不足,資訊不足
,A019485100,DEXCHLORPHENIRAMINE TABLETS ”HONTEN”,右氯敏錠,0.0,,單方,0.3,1110101,9991231,豐田藥品股份有限公司,錠劑,DEXCHLORPHENIRAMINE MALEATE,R06AB02,,緩解過敏性鼻炎、枯草熱所引起之相關症狀（流鼻水、打噴嚏、眼睛及喉部搔癢）及過敏所引起之搔癢、皮膚癢疹。,資訊不足,資訊不足
,A019949100,ANTI-COUGH CAPSULES ”SOURIREE”,咳嗽膠囊,0.0,,複方,1,951101,9991231,盈盈生技製藥股份有限,膠囊劑,DEXTROMETHORPHAN HBR+GUAIACOL GLYCOLATE (=GLYCERYL GUAIACOLATE)+PSEUDOEPHEDRINE HCL,R05FA02,,緩解感冒之各種症狀（咳嗽、喀痰、鼻塞）,資訊不足,資訊不足
,A020215343,SINBABY BABY LOTION ”SINPHAR”,”杏輝” 金貝比嬰兒洗劑,30.0,GM,複方,12,840301,9991231,杏輝藥品工業股份有限,洗劑,BENZALKONIUM CHLORIDE+CAMPHOR DL-+DIBUCAINE HCL+DIPHENHYDRAMINE+ZINC OXIDE,D02AB,,,,
,A020455100,MAGNESIUM HYDROXIDE 300MG ”CHEN TA”,氫氧化鎂錠３００公絲,0.0,,單方,0.18,1110101,9991231,成大藥品股份有限公司,錠劑,MAGNESIUM HYDROXIDE,A02AA04,,,,
,A020847100,WILCONIN TABLETS ”C.Y.”,”聯邦” 胃爾康寧錠,0.0,,複方,0.85,1030701,9991231,聯邦化學製藥股份有限,錠劑,ALUMINUM SILICATE+CHLORDIAZEPOXIDE+DICYCLOMINE HCL+MAGNESIUM ALUMINUM HYDROXIDE CO-DRIED GEL+MAGNESIUM OXIDE+SCOPOLAMINE BUTYLBROMIDE,A02AG,,,,
,A021196100,LIPIMIN TABLETS ”S.C.” (BUCLIZINE),”世紀”利鼻敏 錠（布克立啶）,0.0,,單方,0.44,1091001,9991231,約克製藥股份有限公司,錠劑,BUCLIZINE HCL,R06AE01,,,,
,A021573316,SCHEREE CREAM ”BOWLIN”,四益乳膏,3.0,GM,複方,9.3,990201,9991231,寶齡富錦生技股份有限,乳膏劑,BETAMETHASONE (17-VALERATE)+GENTAMICIN (SULFATE)+IODOCHLORHYDROXYQUIN+TOLNAFTATE,D01AE20,,急救、預防及減緩皮膚刀傷、刮傷、燙傷感染；治療黴菌感染、足癬、股癬、汗斑；濕疹或皮膚炎。,資訊不足,資訊不足
,A021853329,DAFRIN CREAM (MICONAZOLE) ”SWISS”,達膚寧乳膏（邁可那挫）,10.0,GM,單方,34.2,1110101,9991231,瑞士藥廠股份有限公司,乳膏劑,MICONAZOLE NITRATE,D01AC02,,治療皮膚表淺性黴菌感染如：足癬（香港腳）、股癬、汗斑。,資訊不足,資訊不足
,A022106100,SABUCHAN TABLETS (SALBUTAMOL)”YUNG CHANG”,使不喘錠（沙布坦）,0.0,,單方,0.93,1030701,9991231,約克製藥股份有限公司,錠劑,SALBUTAMOL (SULFATE),R03CC02,,支氣管氣喘、慢性支氣管炎、肺氣腫、肺支氣管障礙、支氣管痙攣,資訊不足,資訊不足
,A022226212,SULOFAGEN INJECTION,壽樂化鍵注射液,2.0,ML,複方,2.59,890401,9991231,壽元化學工業股份有限,注射劑,BIOTIN+CHLORPHENIRAMINE MALEATE+METHIONINE DL-+NIACINAMIDE (=NICOTINAMIDE)+PYRIDOXINE HCL+RIBOFLAVIN PHOSPHATE SODIUM,R06AB54,,脂漏性濕疹、急性及慢性濕疹、落屑性皮膚炎、日光性紅斑濕疹及脂濕疹、口角糜爛、口內炎、剝離性口唇炎、舌炎,資訊不足,資訊不足
,A022474321,HIRUCORT CREAM ”PATRON”,”派頓” 希療可乳膏,5.0,GM,複方,44.6,920301,9991231,臺灣派頓化學製藥股份,乳膏劑,HEPARIN SODIUM+HYDROCORTISONE ACETATE,C05BA53,,,,
,A022602100,BISCOMP TALBETS ”Taiten”,”太田”必治康錠,0.0,,複方,0.74,1030701,9991231,太田藥品股份有限公司,錠劑,ACETAMINOPHEN (=PARACETAMOL)+BROMISOVALUM (=BROMVALERYLUREA) (=BROMVALETONE)+CAFFEINE ANHYDROUS+ETHENZAMIDE (=ETHOXYBENZAMIDE),N02BE71,,,,
,A022693329,FLUOCINONIDE OINTMENT”H.S.”,”華興”膚樂喜寧軟膏（氟欣諾能）,10.0,GM,單方,42.2,1120401,9991231,華興化學製藥廠股份有,軟膏劑,FLUOCINONIDE,D07AC08,,,,
,A022902100,GASTRODIN TABLETS 300MG (CIMETIDINE),”優良”胃去病錠３００公絲（希每得定）,0.0,,單方,1,1031101,9991231,優良化學製藥股份有限,錠劑,CIMETIDINE,A02BA01,,,,
,A023035321,GYNO-MYCODERIN CREAM (MICONAZOLE) ”BOWLIN”,可寧陰道乳膏（邁可那挫）,5.0,GM,單方,20.5,1030701,9991231,寶齡富錦生技股份有限,乳膏劑,MICONAZOLE NITRATE,D01AC02,,由酵母菌或革蘭氏陽性菌感染引起的女陰陰道炎、女陰炎。,資訊不足,資訊不足
,A023231338,CIVIDOID GEL ”SINPHAR” (HEPARINOID),”杏輝 ” 喜美凝膠（喜普理諾）,20.0,GM,單方,33.7,1120401,9991231,杏輝藥品工業股份有限,外用凝膠劑,HEPARINOID (=SODIUM POLYANHYDROMANNURONIC ACID SULFATE),C05BA01,,,,
,A0233891G0,Diclofon  Tablets 25mg ”F.Y.”,”福元” 得克風錠25毫克,0.0,,單方,1.5,970601,9991231,福元化學製藥股份有限,錠劑,DICLOFENAC SODIUM,M01AB05,,,,
,A023533329,FUNGICIDE CREAM (CLOTRIMAZOLE) ”ROYAL”,淨膚樂乳膏（克催瑪汝）,10.0,GM,單方,14.9,1120401,9991231,皇佳化學製藥股份有限,乳膏劑,CLOTRIMAZOLE,D01AC01,,,,
,A023663335,ECONAZOLE TRIAMCINOLONE CREAM ”TWI”,”安成”硝酸衣可那唑丙酮特安皮質醇乳膏,15.0,GM,複方,22.2,1110101,9991231,安成國際藥業股份有限,乳膏劑,ECONAZOLE NITRATE+TRIAMCINOLONE ACETONIDE,D01AC20,,,,
,A023925100,COUGDAU TABLETS ”NCP”,咳達錠,0.0,,複方,0.29,1030701,9991231,新喜國際企業股份有限,錠劑,GLYCYRRHIZA EXTRACT+OPIUM POWDER,R05FA02,,鎮咳（袪痰）,資訊不足,資訊不足
,A024098100,BISPLEN TABLETS 20MG ”Y.C.” (EPRAZINONE DIHYDROCHLORIDE),”元宙”袪咳痰錠20毫克(伊普拉辛隆),0.0,,單方,0.54,1080401,9991231,元宙化學製藥股份有限,錠劑,EPRAZINONE 2HCL,R05CB04,,,,
,A024261100,ELIAMINE S.C. TABLETS (SILYMARIN),”居禮”益立源糖衣錠,0.0,,單方,1.22,1110101,9991231,約克製藥股份有限公司,糖衣錠,SILYMARIN (FRUCTUS CARDUI MARIAE EXTRACT),A05BA03,,,,
,A024514100,CONICA CAPSULES 400MG ”S.T.” (PIRACETAM),康腦佳膠囊４００公絲（披喇瑟盪）,0.0,,單方,1.14,1030701,9991231,健喬信元醫藥生技股份,膠囊劑,PIRACETAM,N06BX03,,,,
,A024710100,CIMETIDINE TABLETS 200MG ”SOURIREE”,”盈盈” 希每得定錠２００毫克,0.0,,單方,1,951101,9991231,盈盈生技製藥股份有限,錠劑,CIMETIDINE,A02BA01,,,,
,A024889151,CASTEINE SYRUP (S-CARBOXYMETHLCYSTEINE),卡斯痰糖漿（卡玻西典）,60.0,ML,單方,59,1001201,9991231,元宙化學製藥股份有限,糖漿劑,CARBOCYSTEINE (=S-CARBOXYMETHYL CYSTEINE),R05CB03,,,,
,A025125209,CEFAMANDOLE FOR INJECTION 1GM,賜孟多注射劑１公克（西華勉德）,1.0,GM,單方,53,1060401,9991231,中國化學製藥股份有限,注射劑,CEFAMANDOLE (NAFATE),J01DC03,,葡萄球菌、鏈球菌、肺炎雙球菌、腦膜炎球菌及其他具有感受性細菌引起之感染症,資訊不足,資訊不足
,A025216238,POLIMIN-B12 INJECTION ”Y.Y.”,〝應元〞保利命注射液,20.0,ML,複方,9.4,1030701,9991231,應元化學製藥股份有限,注射劑,HYDROXOCOBALAMIN ACETATE+PYRIDOXINE HCL+THIAMINE DISULFIDE,B05XC,,神經痛、神經炎、多發性神經炎、關節痛、末梢神經麻痺及惡性貧血,資訊不足,資訊不足
,A025310100,FUROKAN CAPSULES (PIROXICAM),復而康膠囊（匹洛卡）,0.0,,單方,1,1080401,9991231,臺灣陽生製藥工業股份,膠囊劑,PIROXICAM,M01AC01,,,,
,A025582100,Epranone Tablets 20mg ”H.S.”,”華興”益普朗錠20毫克,0.0,,單方,0.59,1110101,9991231,華興化學製藥廠股份有,錠劑,EPRAZINONE HCL,R05CB04,,,,
,A025720100,KETOPROFEN CAPSULES 50MG ”TAH-AN”,”大安”可痛好膠囊５０公絲（可多普洛菲）,0.0,,單方,1.2,1110101,9991231,大安化學製藥股份有限,膠囊劑,KETOPROFEN,M01AE03,,,,
,A025921100,REPRACON TABLETS 20MG (EPRAZINONE DIHYDROCHLORIDE),依撲咳錠２０毫克（伊普拉辛隆）,0.0,,單方,0.59,1110101,9991231,衛肯生技製藥股份有限,錠劑,EPRAZINONE 2HCL,R05CB04,,支氣管擴張症、支氣管性氣喘、急、慢性支氣管炎、上呼吸道炎、感冒等引起之鎮咳及袪痰,資訊不足,資訊不足
,A026043100,MOJUNE TABLETS 25MG (DIPHENIDOL) ”K.B.”,”””歐業””莫暈錠２５公絲（敵芬尼朵）”,0.0,,單方,0.91,1030701,9991231,歐業藥品股份有限公司,錠劑,DIPHENIDOL HCL,N07CA,,,,
,A026299100,TSUFONLOL TABLETS ”S.T.”,除風樂錠,0.0,,複方,0.42,1001201,9991231,世達藥品工業股份有限,錠劑,ACETAMINOPHEN (=PARACETAMOL)+CHLORPHENIRAMINE MALEATE+DEXTROMETHORPHAN HBR+PSEUDOEPHEDRINE HCL,R05X,,緩解感冒之各種症狀（咽喉痛、畏寒、發燒、頭痛、關節痛、肌肉酸痛、流鼻水、鼻塞、打噴嚏、咳嗽）,資訊不足,資訊不足
,A026407100,DIUREN TABLETS ”GCPC”,低壓寧錠,0.0,,複方,1.06,1091001,9991231,人人化學製藥股份有限,錠劑,HYDROCHLOROTHIAZIDE+TRIAMTERENE,C03EA01,,利尿、高血壓,資訊不足,資訊不足
,A026506212,CIMEWEI INJECTION 100MG/ML (CIMETIDINE) ”LITA,西美胃注射液１００公絲／公撮（希每得定）,2.0,ML,單方,9.9,1030701,9991231,利達製藥股份有限公司,注射劑,CIMETIDINE,A02BA01,,,,
,A026633238,LINCOMYCIN HYDROCHLORIDE INJECTION 300MG/ML”ASTAR”,鹽酸林絲菌素注射液３００公絲／公撮,20.0,ML,單方,39.2,1030701,9991231,安星製藥股份有限公司,注射劑,LINCOMYCIN (HCL),J01FF02,,,,
,A026770100,PERSANTINE S.C. TABLETS 25MG,血栓淨糖衣錠25毫克(待匹力達),0.0,,單方,0.9,1030701,9991231,華樺生技藥品股份有限,糖衣錠,DIPYRIDAMOLE,B01AC07,,對於慢性狹心症之治療可能有效,資訊不足,資訊不足
,A026922100,MUCORPIN CAPSULES 375MG ”Y.Y.” (CARBOCYSTLINE),〝應元〞袪痰平膠囊375公絲（卡玻西典）,0.0,,單方,1.13,1110101,9991231,應元化學製藥股份有限,膠囊劑,CARBOCYSTEINE (=S-CARBOXYMETHYL CYSTEINE),R05CB03,,,,
,A027093100,CEFAXIL CAPSULES 500MG (CEFADROXIL) ”STANDARD,賜華力膠囊５００公絲（西華杜西）,0.0,,單方,2,1050401,9991231,生達化學製藥股份有限,膠囊劑,CEFADROXIL (MONOHYDRATE),J01DB05,,,,
,A027289338,UREA CREAM 100MG/GM ”YUNG SHIN”,優膚乳膏１００公絲／公克（尿素）,20.0,GM,單方,23.1,1120701,9991231,永信藥品工業股份有限,乳膏劑,UREA,D02AE01,,,,
,A027444100,CARBOTIN CAPSULES 375MG (S-CARBOXYMETHYLCYSTEINE) ”WEIDAR”,可莫痰膠囊３７５公絲（卡波西典）,0.0,,單方,1.14,1110101,9991231,衛達化學製藥股份有限,膠囊劑,CARBOCYSTEINE (=S-CARBOXYMETHYL CYSTEINE),R05CB03,,,,
,A027818100,DEPERMIDE S.C. TABLETS (INDAPAMIDE),得平脈糖衣錠（因達拍邁）,0.0,,單方,1.84,1120401,9991231,回春堂製藥廠股份有限,糖衣錠,INDAPAMIDE (HEMIHYDRATE),C03BA11,,高血壓,資訊不足,資訊不足
,A028098100,ACETAMOL TABLETS 500MG (ACETAMINOPHEN) ”WEIDAR”,安舒痛錠５００公絲（對位乙醯氨基酚）,0.0,,單方,0.36,1080401,9991231,衛達化學製藥股份有限,錠劑,ACETAMINOPHEN (=PARACETAMOL),N02BE01,,,,
,A028610100,PYRUDON TABLETS 500MG ”T.F.”,”大豐”必治痛錠５００毫克,0.0,,單方,0.2,870101,9991231,大豐製藥股份有限公司,錠劑,ACETAMINOPHEN (=PARACETAMOL),N02BE01,,,,
,A028976100,NEO-FLU CAPSULES,袪風寧膠囊,0.0,,複方,1,981001,9991231,瑞士藥廠股份有限公司,膠囊劑,ACETAMINOPHEN (=PARACETAMOL)+CHLORPHENIRAMINE MALEATE+PSEUDOEPHEDRINE HCL,R05X,,緩解感冒各種症狀(咽喉痛、畏寒、發燒、頭痛、關節痛、肌肉酸痛、流鼻水、鼻塞、打噴嚏),資訊不足,資訊不足
,A0292501G0,U-PIRIDE TABLETS 50MG (SULPIRIDE) (鋁箔、膠箔),優必瑞錠５０公絲（斯比樂）,0.0,,單方,1.5,1031101,9991231,優良化學製藥股份有限,錠劑,SULPIRIDE,N05AL01,,,,
,A029563329,NYSUL CREAM 30MG/GM (NIFLUMIC ACID),利舒樂軟膏３０公絲／公克（尼福密）,10.0,GM,單方,16.4,920101,9991231,明德製藥股份有限公司,軟膏劑,NIFLUMIC ACID,M02AA17,,,,
,A029727100,BECAME TABLETS,鼻順通錠,0.0,,複方,0.24,1001201,9991231,永信藥品工業股份有限,錠劑,CARBINOXAMINE MALEATE+PSEUDOEPHEDRINE HCL,R01BA52,,季節性及血管運動性鼻炎、過敏性鼻炎所伴生打噴嚏、鼻塞、流鼻水之緩解,資訊不足,資訊不足
,A029917100,KASCOAL TABLETS 50MG (DIMETHYLPOLYSILOXANE),加斯克兒錠５０公絲（聚二甲矽烷）（Ｒ）,0.0,,單方,0.39,1070501,9991231,永信藥品工業股份有限,錠劑,DIMETHICONE (=DIMETHYLPOLYSILOXANE=POLYMETHYL SILOXANE),A03AX13,,,,
,A030453100,CHILDRENS ACETA 80 CHEWABLE TABLETS,小兒熱之８０止熱咀嚼錠（對位乙醯氨基酚）,0.0,,單方,1.5,1120601,9991231,回春堂製藥廠股份有限,咀嚼錠,ACETAMINOPHEN (=PARACETAMOL),N02BE01,,解熱、鎮痛（頭痛、牙痛、關節痛、神經痛、肌肉痛）之緩解,資訊不足,資訊不足
,A030816100,CEPHALEXIN CAPSULES 500MG ”TAI YU”,施華露薪黴素膠囊５００公絲（賜福力欣）,0.0,,單方,1.75,1070501,9991231,臺裕化學製藥廠股份有,膠囊劑,CEPHALEXIN (MONOHYDRATE),J01DB01,,,,
,A030954100,HOKURAMIDE CAP. (COBAMAMIDE) ”P.J.”,福克拉邁膠囊（巴可麥）,0.0,,單方,1,1060401,9991231,福元化學製藥股份有限,膠囊劑,COBAMAMIDE,B03BA04,,,,
,A031180100,PROCHLORPERAZINE MALEATE TABLETS 8MG ”JEN SHENG”,普樂明錠８公絲（普氯苯　　）,0.0,,單方,0.69,1030701,9991231,人生製藥股份有限公司,錠劑,PROCHLORPERAZINE ((DI)MALEATE),N05AB04,,,,
,A031325324,SLIKA B CREAM (ISOCONAZOLE) ”MEIDER”,使立潔乳膏（艾索那挫）,7.0,GM,單方,31.4,920301,9991231,明德製藥股份有限公司,乳膏劑,ISOCONAZOLE NITRATE,D01AC05,,治療皮膚表淺性黴菌感染，如足癬、體癬、股癬、汗斑。,資訊不足,資訊不足
,A031833100,TRANXAMIDE CAPSULES ”H.S.”,”黃氏”傳明酸膠囊,0.0,,單方,3.72,1080401,9991231,黃氏製藥股份有限公司,膠囊劑,TRANEXAMIC ACID,B02AA02,,,,
,A032006321,COBESONE CREAM 0.5MG/G (CLOBETASOL) ”P.J.”,保膚健乳膏０．５公絲／公克（可洛貝他索）,5.0,GM,單方,11.3,1120401,9991231,北進國際有限公司,乳膏劑,CLOBETASOL PROPIONATE,D07AD01,,,,
,A032173329,B&N TRIECO CREAM ”Shiteh”,”西德有機”利膚癒可乳膏,10.0,GM,複方,17.8,1120401,9991231,西德有機化學藥品股份,乳膏劑,ECONAZOLE NITRATE+TRIAMCINOLONE ACETONIDE,D01AC20,,,,
,A032319321,GENTADERM CREAM,健特膚乳膏,5.0,GM,複方,13.8,1120401,9991231,瑞安大藥廠股份有限公,乳膏劑,BETAMETHASONE (DIPROPIONATE),D07CC01,,皮膚癬、接觸性皮膚炎、異位性皮膚炎、皮膚溢出性皮膚炎、神經性皮膚炎、剝落性皮膚炎、日晒皮膚炎,資訊不足,資訊不足
,A032419329,SINBETA DERM CREAM,杏貝他健乳膏,10.0,GM,複方,13.5,1110101,9991231,杏輝藥品工業股份有限,乳膏劑,BETAMETHASONE (17-VALERATE)+GENTAMICIN (SULFATE),D07CC01,,濕疹或皮膚炎、急救、預防及減緩皮膚刀傷、刮傷、燙傷之感染。,資訊不足,資訊不足
,A0327161G0,DOMPERAN TABLETS 10MG (DOMPERIDONE) ”SWISS”(30粒/瓶)(60粒/瓶),”瑞士”得朗錠１０公絲（多普利杜）,0.0,,單方,1.5,1000901,9991231,瑞士藥廠股份有限公司,錠劑,DOMPERIDONE,A03FA03,,,,
,A032849100,MEZAIN TABLET 5MG (OXETHAZAINE) ”STANDARD”,美胃錠５公絲（歐西拉因）〝生達〞,0.0,,單方,0.29,1110101,9991231,生達化學製藥股份有限,錠劑,OXETHAZAINE,A02X,,,,
,A033126100,FUROL CAPSULES 10MG (BROMOPRIDE) ”KOJAR”,福樂膠囊１０公絲（溴比得）,0.0,,單方,1.1,1040401,9991231,國嘉製藥工業股份有限,膠囊劑,BROMOPRIDE,A03FA04,,嘔吐、噁心、脹氣、胃酸過多、上腹痛、痙攣性結腸病、胃、十二指腸潰瘍/炎、裂孔赫尼亞、出血性直腸結腸炎、X線檢查,資訊不足,資訊不足
,A033282338,LIFULIN OINTMENT ”M.T.”,利膚寧軟膏,20.0,GM,複方,111,960901,9991231,明大化學製藥股份有限,軟膏劑,ALLANTOIN+MAFENIDE (=HOMOSULFAMINE),D06BA03,,化膿性皮膚炎、火傷、凍傷、創傷、燙傷、皮膚炎、耳、鼻處潰爛等皮膚疾患之治療,資訊不足,資訊不足
,A033676100,MULAX TABLETS 10MG (BACLOFEN) ”TAIWAN TUNG YANG”,舒來弛錠１０公絲（貝可芬）,0.0,,單方,1,1001201,9991231,東生華製藥股份有限公,錠劑,BACLOFEN,M03BX01,,,,
,A033902100,BIESCON CAPSULES,必舒康膠囊,0.0,,複方,0.89,1001201,9991231,羅得化學製藥股份有限,膠囊劑,ACETAMINOPHEN (=PARACETAMOL)+CAFFEINE (ANHYDROUS)+CHLORPHENIRAMINE MALEATE+ETHENZAMIDE (=ETHOXYBENZAMIDE)+METHYLEPHEDRINE DL- HCL+NOSCAPINE,R05X,,緩解感冒之各種症狀（流鼻水、鼻塞、打噴嚏、咽喉痛、咳嗽、喀痰、畏寒、發燒、頭痛、關節痛、肌肉酸痛）。,資訊不足,資訊不足
,A0340981G0,SOTOCON TABLETS 20MG ”CHINTENG”(DEXTROMETHORPHAN)(鋁箔/膠箔),嗽多康錠２０公絲（右旋美蘇仿）,0.0,,單方,0.88,1110101,9991231,井田國際醫藥廠股份有,錠劑,DEXTROMETHORPHAN HBR,R05DA09,,,,
,A034222157,MAC SAFE ORAL SUSPENSION 20MG/ML (IBUPROFEN),馬蓋先口服懸濁液２０公絲／公撮（伊普）,120.0,ML,單方,40.6,1110101,9991231,回春堂製藥廠股份有限,內服液劑,IBUPROFEN,M01AE01,,,,
,A034503429,ARTIFICIAL TEAR ”WU-FU”,五福滴視點眼液,10.0,ML,單方,23.3,1110101,9991231,五福化學製藥股份有限,點眼液劑,HYPROMELLOSE (=HYDROXYPROPYLMETHYLCELLULOSE),S01XA20,,暫時緩解因眼睛乾澀所引起灼熱感與刺激感。,資訊不足,資訊不足
,A034577212,AMIKACIN INJECTION 125MG/ML ”S.Y.”,艾米克信１２５公絲／公撮注射液,2.0,ML,單方,28.6,1120401,9991231,壽元化學工業股份有限,注射劑,AMIKACIN SULFATE,J01GB06,,,,
,A034660338,SPORTON GEL 100MG/GM (ETOFENAMATE) ”C.T.”,速消痛凝膠１００公／絲公克（伊妥芬那邁）,20.0,GM,單方,31.7,1060401,9991231,富邦藥品有限公司,外用凝膠劑,ETOFENAMATE,M02AA06,,,,
,A035037329,DICLOFEN GEL 1% (DICLOFENAC) ”H.S.”,待可芬外用凝膠１％（待克菲那）〝華興〞,10.0,GM,單方,14.3,1091001,9991231,華興化學製藥廠股份有,外用凝膠劑,DICLOFENAC SODIUM (DIETHYLAMMONIUM),M02AA15,,短期使用以緩解因發炎反應引起之局部疼痛。,資訊不足,資訊不足
,A035154100,EULON CAPSULES 100MG (TOCOPHEROL NICOTINATE) ”J.A.”,優朗膠囊１００公絲（妥非尼克進）,0.0,,單方,0.94,1030701,9991231,新喜國際企業股份有限,膠囊劑,TOCOPHEROL NICOTINATE ALPHA DL-,A11HA03,,末梢血管循環障礙。,資訊不足,資訊不足
,A035211100,MEBERINE F.C.TABLET 135MG ”T.T.Y”  (MEBEVERINE HYDROCHLORIDE),曼保寧膜衣錠１３５公絲（鹽酸美比非寧）〝臺灣東洋〞,0.0,,單方,1.5,1120401,9991231,東生華製藥股份有限公,膜衣錠,MEBEVERINE HCL,A03AA04,,,,
,A035423151,PANATOL SOLUTION 24MG/ML ”PANBIOTIC” (ACETAMINOPHEN),”汎生”普挪痛溶液２４毫克/毫升（乙醯氨酚）,60.0,ML,單方,15.4,1060401,9991231,臺灣汎生製藥廠股份有,內服液劑,ACETAMINOPHEN (=PARACETAMOL),N02BE01,,,,
,A035546429,SINDECON NASAL SPRAY 0.5MG/ML ”STANDARD” (OXYMETAZOLINE),醫鼻易噴鼻液０．５公絲／公撮（異每達佐林）,10.0,ML,單方,49.1,1110101,9991231,生達化學製藥股份有限,鼻用噴液劑,OXYMETAZOLINE HCL,R01AA05,,,,
,A035968321,QUARDISONE CREAM,健膚爽乳膏,5.0,GM,複方,14.7,1120401,9991231,壽元化學工業股份有限,乳膏劑,BETAMETHASONE (VALERATE)+GENTAMICIN (SULFATE)+IODOCHLORHYDROXYQUIN+TOLNAFTATE,D01AE20,,治療皮膚表淺性黴菌感染，如：足癬、股癬、汗斑、濕疹或皮膚炎。,資訊不足,資訊不足
,A036193100,CEPHALEXIN CAPSULES 500MG ”YY”,賜福力欣膠囊５００公絲,0.0,,單方,1.75,1070501,9991231,應元化學製藥股份有限,膠囊劑,CEPHALEXIN (MONOHYDRATE),J01DB01,,乙種溶血性及其他鏈球菌、葡萄球菌、大腸桿菌、克雷氏肺炎桿菌、嗜血桿菌等病原菌所引起之感染症、肺炎雙球菌。,資訊不足,資訊不足
,A036542100,CULIUM TABLET 3MG ”CURIE” (BROMAZEAM),居安錠３公絲（布馬平）,0.0,,單方,1.18,1080401,9991231,約克製藥股份有限公司,錠劑,BROMAZEPAM,N05BA08,,,,
,A0366621G0,ISCAN F.C. TABLETS 400MG (CIMETIDINE) ”S.L”(鋁箔/膠箔),胃適康膜衣錠４００公絲（希每得定）,0.0,,單方,1.5,971101,9991231,信隆藥品工業股份有限,膜衣錠,CIMETIDINE,A02BA01,,資訊不足,資訊不足,資訊不足
,A036841157,CYPRO SYRUP 0.4MG/ML”PANBIOTIC”,塞普樂糖漿０．４公絲／公撮（塞浦希他定）,120.0,ML,單方,22.8,1030701,9991231,臺灣汎生製藥廠股份有,糖漿劑,CYPROHEPTADINE HCL,R06AX02,,,,
,A036961100,SUMETON TABLETS 200MG (SULINDAC) ”CHEN TA”,賜免痛錠２００毫克（蘇林達克）〝成大〞,0.0,,單方,1.9,1050401,9991231,成大藥品股份有限公司,錠劑,SULINDAC,M01AB02,,骨關節炎、關節黏連性脊椎炎、急性痛風性關節炎、風濕性關節炎。,資訊不足,資訊不足
,A037431329,INHFUNGUS CREAM ”CHEN TA”,抑黴菌乳膏,10.0,GM,複方,17.8,1120401,9991231,成大藥品股份有限公司,乳膏劑,ECONAZOLE NITRATE+TRIAMCINOLONE (ACETONIDE),D01AC20,,治療皮膚表淺性黴菌感染，如足癬(香港腳)、股癬、汗斑。緩解濕疹或皮膚炎。,資訊不足,資訊不足
,A037697100,THROUGH F.C. TABLETS ”C.M.”(SENNOSIDES),”中美”便通樂膜衣錠(番瀉葉?),0.0,,單方,0.98,1110101,9991231,興中美生技有限公司,膜衣錠,SENNOSIDE A+B(CALCIUM),A06AB06,,,,
,A038162100,BEROCOL TABLETS 5MG (TERBUTALINE SULFATE) ”PANBIOTIC”,喘克錠５公絲（硫酸特必林）,0.0,,單方,1,960901,9991231,臺灣汎生製藥廠股份有,錠劑,TERBUTALINE SULFATE,R03CC03,,,,
,A038450100,ACETIN TABLETS”S.C.”,膿化清錠１００公絲（乙基希賜典）,0.0,,單方,1.22,1110101,9991231,十全實業股份有限公司,錠劑,ACETYLCYSTEINE,R05CB01,,,,
,A0385561G0,CIMEDIN TABLETS 400MG (CIMETIDINE)  ”TBC”,〝信東〞欣胃定錠４００毫克,0.0,,單方,1.5,970601,9991231,信東生技股份有限公司,錠劑,CIMETIDINE,A02BA01,,十二指腸、胃、消化性食道炎及上胃腸道糜爛/潰瘍出血、再發性/孔性潰瘍、膽囊纖維變性併胰臟功能不全之補助療法,資訊不足,資訊不足
,A038776100,Jiawiller F.C. Tablets 40mg (Famotidine) ”C.L.”,”嘉林”嘉胃樂膜衣錠４０毫克（發模梯定）,0.0,,單方,3.5,1110101,9991231,嘉林藥品有限公司,膜衣錠,FAMOTIDINE,A02BA03,,,,
,A039057116,SUTUN GRANULE 66.67MG/G 3G,速痰顆粒６６．６７公絲／公克（乙醯希賜典）,3.0,GM,單方,1.63,1091001,9991231,十全實業股份有限公司,內服顆粒劑,N-ACETYL-L-CYSTEINE,R05CB01,,,,
,A039323100,METHYLNICE CAPSULES 0.5MG (MECOBALAMIN) ”JINUP”,瑞末梢神經安膠囊０．５公絲（甲鈷胺明）,0.0,,單方,1.32,1110101,9991231,瑞人企業股份有限公司,膠囊劑,MECOBALAMIN,B03BA05,,末梢神經障礙,資訊不足,資訊不足
,A039621100,TOZY EXTRA. TAB.,痛可止加強錠,0.0,,複方,0.64,1110101,9991231,井田國際醫藥廠股份有,錠劑,ACETAMINOPHEN (=PARACETAMOL)+CAFFEINE (ANHYDROUS),N02BE51,,退燒、止痛(緩解頭痛、牙痛、咽喉痛、關節痛、神經痛、肌肉酸痛、月經痛),資訊不足,資訊不足
,A039707151,SYNTIFEN SOLUTION 0.2MG/ML (KETOTIFEN) ”S.Y.”,信喘定液０．２公絲／公撮（可多替芬）,60.0,ML,單方,41.6,1120401,9991231,健喬信元醫藥生技股份,內服液劑,KETOTIFEN (FUMARATE),R06AX17,,,,
,A039871100,KENTON TAB.200MG,克酸痛錠２００公絲（舒林達酸）,0.0,,單方,1.9,1050401,9991231,井田國際醫藥廠股份有,錠劑,SULINDAC,M01AB02,,骨關節炎、類風濕性關節炎、急性痛風性關節炎、急性痛風（急性肩峰下滑囊炎、上肩胛棘腱炎）,資訊不足,資訊不足
,A040170157,MISTURA GLYCYRRHIZAE COMPOSITA (BROWN MIXTURE WITH OPIUM),複方甘草合劑,120.0,ML,複方,21.3,1030701,9991231,人人化學製藥股份有限,液劑,ANTIMONY POTASSIUM TARTRATE+ETHYL NITRITE SPIRIT+GLYCYRRHIZA EXTRACT+OPIUM CAMPHOR TINCTURE,R05FA02,,初期支氣管炎、刺激性乾喀,資訊不足,資訊不足
,A040767321,TONEX CREAM 10MG/GM (PIROXICAM) ”MEIDER”,”明德”痛立平乳膏１０毫克／公克（匹洛西卡）,5.0,GM,單方,11.2,1001201,9991231,明德製藥股份有限公司,乳膏劑,PIROXICAM,M02AA07,,,,
,A040972100,AN-LIH CAPSULES 2MG ”DS” (LOPERAMIDE),安痢膠囊２公絲（樂必寧）,0.0,,單方,0.93,1110101,9991231,德山製藥股份有限公司,膠囊劑,LOPERAMIDE HCL,A07DA03,,急性腹瀉，慢性腹瀉。,資訊不足,資訊不足
,A041260100,UROPYRIN S.C.TAB. 100MG,道舒糖衣錠１００公絲（菲那若比汀）,0.0,,單方,0.78,1030701,9991231,國嘉製藥工業股份有限,糖衣錠,PHENAZOPYRIDINE HCL,G04BX06,,膀胱尿道炎、前列腺肥大引起之尿意頻繁、尿道疾患、水腫症狀、夜尿症疼痛。,資訊不足,資訊不足
,A041651100,KIRADIN F.C.TAB.300MG ”KINGDOM”(RANITIDINE),景胃寧膜衣錠３００公絲（雷尼得定）〝景德〞,0.0,,單方,    -,1090801,9991231,景德製藥股份有限公司,膜衣錠,RANITIDINE (HCL),A02BA02,,,,
,A041941100,SHINLICIN F.C. TABLETS 9.6MG”J.S.”,”人生”杏利循膜衣錠9.6毫克,0.0,,單方,1.63,1120401,9991231,人生製藥股份有限公司,膜衣錠,GINKGO BILOBA EXTRACT,N06DX02,,,,
,A041984321,URESON CREAM,優利爽乳膏,5.0,GM,複方,8.6,1030701,9991231,岳生生技股份有限公司,乳膏劑,HYDROCORTISONE ACETATE+UREA,D07XA01,,濕疹、皮膚炎、去角質。,資訊不足,資訊不足
,A042280100,DEVIRO TAB. 400MG ”KINGDOM”(ACYCLOVIR),迪威樂錠４００公絲（艾可賽威）〝景德〞,0.0,,單方,5,1120401,9991231,健喬信元醫藥生技股份,錠劑,ACYCLOVIR,J05AB01,,,,
,A042441338,BICAEN CREAM 10MG/GM”S.D.”,必克炎乳膏１０公絲／公克（匹洛西卡）〝世達〞,20.0,GM,單方,23.1,1110101,9991231,世達藥品工業股份有限,乳膏劑,PIROXICAM,M02AA07,,,,
,A042846343,ESTRADE GEL 0.6MG/GM ”S.Y.” (ESTRADIOL),益斯得凝膠０．６公絲／公克（氫偶素）〝信元〞,30.0,GM,單方,68,1040401,9991231,健喬信元醫藥生技股份,外用凝膠劑,ESTRADIOL,G03CA03,,,,
,A043051100,EUCON TABLETS 5MG (GLIBENCLAMIDE) ”PANBIOTIC”,優康錠５公絲（格力本）〝汎生〞,0.0,,單方,0.99,1030701,9991231,臺灣汎生製藥廠股份有,錠劑,GLYBURIDE (=GLIBENCLAMIDE),A10BB01,,成人型糖尿病。,資訊不足,資訊不足
,A043361163,DINCO SYRUP ”CENTER”,停咳糖漿〝晟德〞,200.0,ML,複方,50,1001201,9991231,晟德大藥廠股份有限公,糖漿劑,CHLORPHENIRAMINE MALEATE+CODEINE PHOSPHATE+METHYLEPHEDRINE DL- HCL+POTASSIUM GUAIACOL SULFONATE,R05FA02,,,,
,A043858100,DIACRON TABLETS 80MG ”GENTLE”,待爾康錠８０公絲〝政德〞,0.0,,單方,1.02,1110101,9991231,政德製藥股份有限公司,錠劑,GLICLAZIDE,A10BB09,,,,
,A044016100,SINLO ENTERIC-MICROENCAPSULATED CAPSULES 100MG (ASPIRIN) ”H.S.”,心絞平腸溶微粒膠囊１００公絲（乙醯水楊酸）〝華興〞,0.0,,單方,1,981001,9991231,華興化學製藥廠股份有,腸溶微粒膠囊劑,ASPIRIN,B01AC06,,男性短暫性缺血性發作、預防心肌梗塞、預防心栓性栓塞症。,資訊不足,資訊不足
,A044294143,RODAMINE SYRUP ”W.P.”,〝華盛頓〞洛得敏糖漿,30.0,ML,單方,25,1060401,9991231,華盛頓製藥廠股份有限,糖漿劑,LORATADINE,R06AX13,,緩解過敏性鼻炎相關症狀（流鼻水、鼻塞、搔癢、眼睛搔癢及灼熱感）。,資訊不足,資訊不足
,A044394329,BETASOL CREAM 0.5MG/GM,”岳生”洛宜乳膏０．５毫克/公克,10.0,GM,單方,13.2,1120401,9991231,岳生生技股份有限公司,乳膏劑,CLOBETASOL PROPIONATE,D07AD01,,,,
,A0452481G0,SUCONIN CAPSULES 鋁箔/膠箔),止嗽寧膠囊(鋁箔/膠箔),0.0,,複方,1.5,980101,9991231,華樺生技藥品股份有限,膠囊劑,DEXTROMETHORPHAN HBR+LYSOZYME CHLORIDE+POTASSIUM CRESOLSULFONATE,R05FA02,,,,
,A045650429,NORFOCIN EYE DROPS 0.3%,諾杏點眼液 0.3%,10.0,ML,單方,67,1001201,9991231,美西製藥有限公司,點眼液劑,NORFLOXACIN (=BACCIDAL),S01AE02,,,,
,A046178338,AMYDA GEL 0.75% ”Y.Y”,”應元” 愛美達凝膠 0.75%,20.0,GM,單方,52,1080401,9991231,應元化學製藥股份有限,外用凝膠劑,METRONIDAZOLE,G01AF01,,,,
,A046933100,FLUVOXIN F.C. TABLETS 50MG,富必靜 膜衣錠 50 公絲,0.0,,單方,5.6,1120401,9991231,鼎泰藥品股份有限公司,膜衣錠,FLUVOXAMINE MALEATE,N06AB08,,情緒性症狀(持續性情緒低落、精神功能傷害及精神異常等),資訊不足,資訊不足
,A047791100,Mesun S.R.M.C. 125mg ”UELIAN”,”友聯” 麥喘緩釋微粒膠囊125毫克,0.0,,單方,1.39,1060401,9991231,友聯生技醫藥股份有限,持續性藥效膠囊劑,THEOPHYLLINE,R03DA04,,,,
,A048060321,Superin cream ”Y.C.”,”元宙” 寶雅膚乳膏,5.0,GM,單方,26.9,1120401,9991231,元宙化學製藥股份有限,乳膏劑,BUTENAFINE HCL,D01AE23,,,,
,A048295335,Pindome Gel 0.1%  (Adapalene)”HEALTH”,”健康” 平痘美凝膠0.1%,15.0,GM,單方,57,1050401,9991231,健康化學製藥股份有限,外用凝膠劑,ADAPALENE,D10AD03,,,,
,A048783345,FO BI PU LUO FUM PATCH,佛比普珞芬貼片,40.0,MG,單方,5.2,1080401,9991231,凱進藥品有限公司,藥膠布,FLURBIPROFEN,M02AA19,,變形性關節症、肩周炎、肌腱腱鞘炎、腱周炎、上腕踝炎、筋肉痛、外傷腫痛之鎮痛消炎。,資訊不足,資訊不足
,A049418321,POCOMMI CREAM,保康美乳膏,5.0,GM,複方,13.8,1110101,9991231,岳生生技股份有限公司,乳膏劑,GRAMICIDIN+NEOMYCIN (SULFATE)+NYSTATIN+TRIAMCINOLONE ACETONIDE,D07CB01,,濕疹：(異位性、接觸性、脂漏性、毛囊性、彎曲處、創傷後感染、錢幣型、壅滯性及嬰兒濕疹)、外陰搔癢、神經性皮膚炎、外耳炎、肛門搔癢及牛皮癬。,資訊不足,資訊不足
,A049603317,Flunolone Ointment,膚諾隆軟膏,3.5,GM,單方,22.5,1070501,9991231,昱任藥品有限公司,軟膏劑,FLUOCINOLONE ACETONIDE,D07AC04,,濕疹、異位性皮膚炎、接觸性皮膚炎、過敏性皮膚炎、蕁麻疹。,資訊不足,資訊不足
,A049907321,PEVIGEN OINTMENT 0.5MG/GM (CLOBETASOL PROPIONATE),”榮民”皮立淨軟膏 0.5 毫克/公克,5.0,GM,單方,11.3,1120401,9991231,榮民製藥股份有限公司,軟膏劑,CLOBETASOL PROPIONATE,D07AD01,,,,
,A050253138,Surotec Solution 5mg/ml,愛治喘液5毫克/毫升,20.0,ML,單方,207,990201,9991231,廣欣藥品有限公司,內服液劑,FENOTEROL HBR,R03CC04,,,,
,A052541100,Camosa F.C. Tablet 500mg”Union”,”聯邦”鈣肺莎膜衣錠 500 毫克,0.0,,單方,4.59,1080201,9991231,聯邦化學製藥股份有限,膜衣錠,AMINOSALICYLATE CALCIUM PARA-,J04AA03,,,,
,A055915100,KINZAAR F.C. TABLETS 50MG”KINGDOM”(LOSARTAN),”景德”靜壓膜衣錠 50 毫克,0.0,,單方,3.53,1110101,9991231,永茂藥業股份有限公司,膜衣錠,LOSARTAN POTASSIUM,C09CA01,,,,
,A058000221,VENAN-CALCIUM B6 INJECTION,明朗鈣B6注射液,5.0,ML,複方,3.5,1030201,9991231,永豐化學工業股份有限,注射劑,CALCIUM BROMIDE+DIPHENHYDRAMINE HCL+PYRIDOXINE HCL,R06AA52,,氣喘、過敏性鼻炎、蕁麻疹、皮膚炎(急慢性)接觸性皮膚炎、藥物過敏症。,資訊不足,資訊不足
,AA11711277,10% DEXTROSE INJECTION ”OTSUKA”,”大塚”１０％滴舒樂注射液,500.0,ML,單方,25,1020601,9991231,臺灣大塚製藥股份有限,注射劑,DEXTROSE,B05BA03,,,,
,AA29836255,SALINE INJECTION 0.9% ”N.K.”,”南光” 沙林注射液０．９％,100.0,ML,單方,22,1040401,9991231,南光化學製藥股份有限,注射劑,SODIUM CHLORIDE,B05XA03,,,,
,AA42704100,NOBAR TABLETS 5MG (AMLODIPINE BESYLATE)28粒/鋁箔盒裝,諾怡錠５公絲（安脈狄平）,0.0,,單方,3.42,1120401,9991231,平廷實業有限公司,錠劑,AMLODIPINE (BESYLATE),C08CA01,,,,
,AA47469100,ARCDONE F.C. TABLETS 5 MG(28粒/鋁箔盒裝)。,得憶膜衣錠5毫克,0.0,,單方,50,1120401,9991231,中國化學製藥股份有限,膜衣錠,DONEPEZIL HCL,N06DA02,,阿滋海默症。,資訊不足,資訊不足
,AA48661100,Escipro F.C. Tablets 20 mg ”D.T.”,”鼎泰”易適普膜衣錠20毫克,0.0,,單方,12.4,1120701,9991231,鼎泰藥品股份有限公司,膜衣錠,ESCITALOPRAM (AS OXALATE),N06AB10,,,,
,AA49629100,Leeyo F.C. Tablets 10 mg,離憂膜衣錠 10 毫克,0.0,,單方,8,1120401,9991231,中國化學製藥股份有限,膜衣錠,ESCITALOPRAM (AS OXALATE),N06AB10,,鬱症之治療及預防復發，恐慌症、社交焦慮症、泛焦慮症及強迫症之治療。,資訊不足,資訊不足
,AA55545261,Levofloxacin I.V. Solution for infusion 5mg/ml”CHI SHENG”,”濟生”可滅妥靜脈輸液 5 毫克/毫升,150.0,ML,單方,576,1120401,9991231,濟生醫藥生技股份有限,注射劑,LEVOFLOXACIN (HEMIHYDRATE),J01MA12,,,,
,AA56799100,SU-CHIN FILM COATED TABLETS(28粒/鋁箔盒裝),溫靜寧膜衣錠,0.0,,單方,54,1120401,9991231,溫士頓醫藥股份有限公,膜衣錠,OLANZAPINE,N05AH03,,思覺失調症及其他明顯有正性及/或負性之精神病，雙極性疾患之躁期發作，預防雙極性疾患之復發。,資訊不足,資訊不足
,AA57743100,DUXETINE CAPSULES 60MG(28粒/鋁箔盒裝),萬憂停膠囊60毫克,0.0,,單方,25.5,1120401,9991231,中國化學製藥股份有限,膠囊劑,DULOXETINE( HYDROCHLORIDE),N06AX21,,重鬱症、廣泛性焦慮症、糖尿病周邊神經痛、纖維肌痛。,資訊不足,資訊不足
,AA57950100,ATOVER F.C. TABLETS 20MG ”P.L.”(30粒/鋁箔盒裝),”培力”抑脂妥膜衣錠20毫克,0.0,,單方,14.4,1120401,9991231,培力藥品工業股份有限,膜衣錠,ATORVASTATIN (CALCIUM),C10AA05,,,,
,AA58033255,5-FU INJECTION 50MG/ML(100ML/玻璃瓶裝)。,好復注射液50毫克/毫升,100.0,ML,單方,414,1050201,9991231,南光化學製藥股份有限,注射劑,FLUOROURACIL,L01BC02,,消化器癌(如胃癌、直腸癌、結腸癌)、肺癌、乳癌病狀之緩解。,資訊不足,資訊不足
,AA58628100,Q-PINE XR EXTENDED-RELEASE TABLETS 200MG ”TAI YU”(30粒/鋁箔盒裝),”台裕”康思寧持續性藥效錠200毫克,0.0,,單方,32,1120401,9991231,台裕化學製藥廠股份有,持續性藥效膜衣錠,QUETIAPINE (AS FUMARATE),N05AH04,,,,
,AB03552212,PROMERAN INJECTION,普克胃注射液,2.0,ML,單方,15,1031001,9991231,生達化學製藥股份有限,注射劑,METOCLOPRAMIDE (HCL MONOHYDRATE RESINATE),A03FA01,,預防嘔吐、逆流性消化性食道炎、糖尿病引起之胃腸蠕動異常,資訊不足,資訊不足
,AB13578229,”TRIAMCINOLONE SUSPENDED INJECTION 10MG ””TAI YU”””,”台裕”安西諾隆注射液１０毫克,10.0,ML,單方,23.8,1050601,9991231,台裕化學製藥廠股份有,滅菌懸液注射劑,TRIAMCINOLONE (ACETONIDE),H02AB08,,,,
,AB15842209,CEFAZOLIN INJECTION 1GM ”YUNG SHIN”,西華樂林注射劑１公克,1.0,GM,單方,25,1060401,9991231,永信藥品工業股份有限,注射劑,CEFAZOLIN (SODIUM),J01DB04,,葡萄球菌、鏈球菌、大腸菌、肺炎雙球菌、變形菌及其他對ＣＥＦＡＺＯＬＩＮ具有感受性菌所引起之感染症,資訊不足,資訊不足
,AB20785216,VOREN INJECTION (DICLOFENAC) ”YUNG SHIN”,非炎注射液（待克菲那）,3.0,ML,單方,15,1001201,9991231,永信藥品工業股份有限,注射劑,DICLOFENAC SODIUM,M01AB05,,無法口服情況下，短期使用於緩解發炎及因發炎反應引起之疼痛。,資訊不足,資訊不足
,AB23048209,CEZOLIN INJECTION 1GM ”SWISS”,”瑞士”速若寧注射劑１公克（西華樂林）,1.0,GM,單方,25,1060401,9991231,瑞士藥廠股份有限公司,注射劑,CEFAZOLIN (SODIUM),J01DB04,,,,
,AB255241G0,VOREN ENTERIC COATED TABLETS 50MG ”YUNG SHIN”(鋁箔/膠箔),非炎腸溶錠５０毫克（待克菲那）,0.0,,單方,2,1030801,9991231,永信藥品工業股份有限,腸溶錠,DICLOFENAC SODIUM,M01AB05,,緩解發炎及因發炎反應所引起之疼痛。,資訊不足,資訊不足
,AB27928212,ROSIS IV INJECTION ”VPP”,”榮民”樂泄靜脈注射液,2.0,ML,單方,15,1040101,9991231,榮民製藥股份有限公司,注射劑,FUROSEMIDE,C03CA01,,,,
,AB29447212,CEFA INJECTION,信華注射劑,2.0,GM,單方,61,1021001,9991231,信東生技股份有限公司,注射劑,CEFAZOLIN (SODIUM),J01DB04,,葡萄球菌、鏈球菌、肺炎雙球菌、腦膜炎球菌及其他具有感受性細菌引起之感染症,資訊不足,資訊不足
,AB301221G0,POTARLON CAPSULES 250MG (MEFENAMIC ACID)(鋁箔/膠箔),保痛樂膠囊２５０毫克（每非那）,0.0,,單方,2,1030801,9991231,永信藥品工業股份有限,膠囊劑,MEFENAMIC ACID,M01AG01,,關節痛、神經痛。,資訊不足,資訊不足
,AB31086329,SEPTON SOL (BETAMETHASONE DIPROPIONATE) ”SHIONOGI”,”?野義”舒膚通膠液(貝他每松二丙酸鹽),10.0,GM,單方,94,1120401,9991231,臺灣鹽野義製藥股份有,外用液劑,BETAMETHASONE DIPROPIONATE,D07AC01,,,,
,AB31896100,MUSCO TABLETS 30MG ”STANDARD” (AMBROXOL HYDROCHLORIDE),”生達”美舒咳錠３０毫克（鹽酸安布索）,0.0,,單方,1.5,1030801,9991231,生達化學製藥股份有限,錠劑,AMBROXOL HYDROCHLORIDE,R05CB06,,,,
,AB32322100,TENOLOL F.C TABLET 100MG (ATENOLOL) ”PURZER”,”瑞安” 定樂平膜衣錠１００公絲（阿廷諾）,0.0,,單方,1.5,1120401,9991231,瑞安大藥廠股份有限公,膜衣錠,ATENOLOL,C07AB03,,,,
,AB32926100,DICLOFENAC E.F.C. TABLETS 50MG ”CHINTENG”,〝井田〞 達洛汎腸溶膜衣錠５０毫克（待克菲那）,0.0,,單方,1.5,1040101,9991231,井田國際醫藥廠股份有,腸溶膜衣錠,DICLOFENAC SODIUM,M01AB05,,,,
,AB33541423,Oralog Orabase 1mg/g ”Purzer” (Triamcinolone),”瑞安” 口潰舒口內膏１毫克/克（安西諾隆）,6.0,GM,單方,35.8,1120401,9991231,瑞安大藥廠股份有限公,口內膏,TRIAMCINOLONE (ACETONIDE),A01AC01,,,,
,AB33945216,VOTAN INJECTION 25MG/ML,”信東” 莫痛注射液２５毫克/毫升,3.0,ML,單方,15,1030201,9991231,信東生技股份有限公司,注射劑,DICLOFENAC SODIUM,M01AB05,,,,
,AB34359100,STERMIN F.C. TABLETS 100MG (ATENOLOL) ”S.T.”,舒壓膜衣錠１００公絲（阿廷諾）,0.0,,單方,1.5,1120401,9991231,信東生技股份有限公司,膜衣錠,ATENOLOL,C07AB03,,資訊不足,資訊不足,資訊不足
,AB35665100,GLUCOMINE F.C. TABLETS 250MG (METFORMIN) ”P.L.”,立克醣膜衣錠２５０公絲（二甲二脈）,0.0,,單方,1.5,1040201,9991231,培力藥品工業股份有限,膜衣錠,METFORMIN HCL,A10BA02,,,,
,AB36248100,L.F.N. TABLET ”C.H.” 100MG (FLURBIPROFEN),”正和”利菲炎錠１００公絲（夫比普洛芬）,0.0,,單方,2.33,1120401,9991231,正和製藥股份有限公司,錠劑,FLURBIPROFEN,M01AE09,,,,
,AB37550212,AMINFEC INJECTION 125MG/ML ”STANDARD” (AMIKACIN),”生達”安炎注射液１２５公絲／公撮（艾米克信）,2.0,ML,單方,28.8,1120401,9991231,生達化學製藥股份有限,注射劑,AMIKACIN (SULFATE),J01GB06,,,,
,AB38574100,POTARLON TABLETS 250MG (MEFENAMIC ACID),保痛樂錠２５０公絲（每非那）,0.0,,單方,1.5,990601,9991231,永信藥品工業股份有限,錠劑,MEFENAMIC ACID,M01AG01,,變形性關節痛、腰痛、神經痛、頭痛、副鼻腔炎、經痛、產後疼痛、牙齒痛、手術後及外傷後疼痛,資訊不足,資訊不足
,AB39013100,MECO TABLETS 30MG (DEXTROMETHORPHAN)”CHINTENG”,〝井田〞浼咳錠３０公絲（右旋美蘇仿）,0.0,,單方,1.5,1040101,9991231,井田國際醫藥廠股份有,錠劑,DEXTROMETHORPHAN HBR,R05DA09,,,,
,AB40517100,TENCAM F.C. TABLETS 20MG ”STANDARD” (TENOXICAM),”生達” 炎克欣膜衣錠２０公絲（特若西卡）,0.0,,單方,3.47,1120401,9991231,生達化學製藥股份有限,膜衣錠,TENOXICAM,M01AC02,,,,
,AB41233100,GLUBIN F.C. TABLET 500MG ”PURZER” (METFORMIN),”瑞安” 利糖平膜衣錠５００毫克(二甲二脈),0.0,,單方,1.5,1030801,9991231,瑞安大藥廠股份有限公,膜衣錠,METFORMIN HCL,A10BA02,,,,
,AB41654100,DIFENA ENTERIC MICROENCAPSULATED CAP. 50MG ”STANDARD”        (DICLOFENAC SODIUM),”生達”必克炎腸溶微粒膠囊５０毫克（二克氯吩鈉）,0.0,,單方,1.5,1010101,9991231,生達化學製藥股份有限,膠囊劑,DICLOFENAC SODIUM,M01AB05,,,,
,AB42908100,DIAMIN TABLETS 80MG ”S.T.” (GLICLAZIDE),〝信東〞代蜜錠８０公絲（葛立克拉）,0.0,,單方,1.5,1041101,9991231,信東生技股份有限公司,錠劑,GLICLAZIDE,A10BB09,,,,
,AB43680100,BUFEN TABLET 400MG,普芬錠400毫克,0.0,,單方,1.5,1030801,9991231,瑞安大藥廠股份有限公,錠劑,IBUPROFEN,M01AE01,,下列病患症狀之消炎鎮痛：慢性風溼關節炎、關節痛及關節炎、神經痛及神經炎、背腰痛手術及外傷後之消炎、鎮痛。,資訊不足,資訊不足
,AB43943412,IPRATRAN INHALATION SOLUTION 0.25MG/ML ”S.T.”(IPRATROPIUM BROMIDE),”信東”益撲喘吸入液０．２公絲/公撮,2.0,ML,單方,6.8,1120401,9991231,信東生技股份有限公司,吸入用液劑,IPRATROPIUM BROMIDE,R03BB01,,,,
,AB444031G0,VOREN-K SUGAR COATED TABLETS 50MG ”YUNG SHIN” (鋁箔/膠箔),〝永信〞非炎鉀糖衣錠５０公絲,0.0,,單方,2,1010201,9991231,永信藥品工業股份有限,糖衣錠,DICLOFENAC POTASSIUM,M01AB05,,,,
,AB444662E2,PHYXOL INJECTION 6MG/ML ”SINPHAR”,”杏輝” 輝克癒蘇注射劑６毫克/毫升,16.7,ML,單方,1350,1120701,9991231,杏輝藥品工業股份有限,注射劑,PACLITAXEL,L01CD01,,,,
,AB44510100,EUFAN F.C TABLETS 10MG ”STANDARD”,”生達” 優喉膜衣錠１０公絲,0.0,,單方,1.5,1050401,9991231,生達化學製藥股份有限,膜衣錠,DIMEMORFAN PHOSPHATE,R05DA11,,,,
,AB448431G0,UROSIN FILM COATED TABLETS 50MG (ATENOLOL)(鋁箔/膠箔),優心膜衣錠50公絲(阿廷諾),0.0,,單方,2,1010201,9991231,永信藥品工業股份有限,膜衣錠,ATENOLOL,C07AB03,,,,
,AB45305100,VOREN-K SUGAR COATED TABLETS 25MG ”YUNG SHIN”,”永信” 非炎鉀糖衣錠２５毫克,0.0,,單方,1.5,990701,9991231,永信藥品工業股份有限,糖衣錠,DICLOFENAC POTASSIUM,M01AB05,,,,
,AB45416100,POCATHMA-MINI TAB. 25MCG ”STANDARD”,”生達” 氣樂順微錠２５微公克”,0.0,,單方,1.5,1110101,9991231,生達化學製藥股份有限,錠劑,PROCATEROL HYDROCHLORIDE HEMIHYDRATE,R03CC08,,,,
,AB45668100,VALNON E.C TABLETS ”S.C.”,”十全”癲免腸溶錠,0.0,,單方,2.75,1110101,9991231,十全實業股份有限公司,腸溶錠,VALPROATE SODIUM,N03AG01,,,,
,AB46074100,GLUSAFE TABLETS 2MG (GLIMEPIRIDE),醣安錠2毫克,0.0,,單方,1.81,1120401,9991231,健亞生物科技股份有限,錠劑,GLIMEPIRIDE,A10BB12,,非胰島素依賴型(第二型)糖尿病。,資訊不足,資訊不足
,AB46524100,DIPACHRO S.R. FILM COATED TABLETS 500MG,”信東”帝帕克持續藥效膜衣錠500毫克,0.0,,複方,5.9,1110101,9991231,信東生技股份有限公司,持續性藥效膜衣錠,VALPROATE SODIUM+VALPROIC ACID,N03AG01,,,,
,AB46766100,GLIMARYL TABLETS 2MG (GLIMEPIRIDE),”信東” 革理蔓錠２公絲,0.0,,單方,1.81,1120401,9991231,信東生技股份有限公司,錠劑,GLIMEPIRIDE,A10BB12,,,,
,AB47147100,PICETAM F.C. TABLETS 1200MG ”STANDARD” (PIRACETAM),”生達” 必舒坦膜衣錠 1200 公絲 (披喇瑟盪),0.0,,單方,1.86,1120401,9991231,生達化學製藥股份有限,膜衣錠,PIRACETAM,N06BX03,,,,
,AB47407100,APA-RISDOL F.C. TABLETS 3MG,鴻汶理思得膜衣錠 3 毫克,0.0,,單方,16.6,1120401,9991231,鴻汶醫藥實業有限公司,膜衣錠,RISPERIDONE,N05AX08,,思覺失調症之相關症狀、雙極性疾患之躁症發作、治療失智症病人具嚴重攻擊性、躁動或精神病症狀、行為障礙和其他破壞性行為障礙、兒童及青少年自閉症之躁動症狀。,資訊不足,資訊不足
,AB47629100,TAMSO SR CAPSULES 0.2MG,替你坦舒持續釋放膠囊0.2毫克,0.0,,單方,4.93,1120401,9991231,五洲製藥股份有限公司,持續性釋放膠囊,TAMSULOSIN HCL,G04CA02,,資訊不足,資訊不足,資訊不足
,AB47882206,TYXAN INJECTION,汰杉注射劑,0.5,ML,單方,2857,1120401,9991231,臺灣東洋藥品工業股份,注射劑,DOCETAXEL,L01CD02,,,,
,AB48190100,Gastroloc Gastro-resistant Tablets 40mg,佳樂胃腸溶膜衣錠40毫克,0.0,,單方,10.1,1110101,9991231,優生製藥廠股份有限公,腸溶膜衣錠,PANTOPRAZOLE SODIUM SESQUIHYDRATE,A02BC02,,合併二種適當之抗微生物製劑治療與幽門螺旋桿菌相關之消化性潰瘍、胃潰瘍、十二指腸潰瘍、中度及嚴重胃食道逆流性疾病、Zollinger-Ellison Syndrome。,資訊不足,資訊不足
,AB48681100,PAVADIN TABLETS 20MG,”五洲”降脂汀錠20毫克,0.0,,單方,5.3,1120401,9991231,五洲製藥股份有限公司,錠劑,PRAVASTATIN SODIUM,C10AA03,,,,
,AB48969100,THADO CAPSULES 50 MG,賽得膠囊 50 毫克,0.0,,單方,224,1120401,9991231,臺灣東洋藥品工業股份,膠囊劑,THALIDOMIDE,L04AX02,,,,
,AB49145100,LAXYMIG ER TABLETS 500 MG ”LOTUS”,〝美時〞樂舒平長效緩釋錠 500 毫克,0.0,,單方,5.9,1110101,9991231,美時化學製藥股份有限,持續釋放膜衣錠,DIVALPROEX (SODIUM),N03AG01,,癲癇之大發作、小發作、混合型及顳葉癲癇，躁病，偏頭痛之預防。,資訊不足,資訊不足
,AB49457100,GLUCOFIT ER TABLETS 500 MG ”SWISS”,”瑞士”固糖平持續性藥效錠500 毫克 (二甲二脈),0.0,,單方,1.54,1110101,9991231,瑞士藥廠股份有限公司,持續性藥效錠,METFORMIN HCL,A10BA02,,,,
,AB49656100,MIRTAPINE ORALLY DISINTEGRATING TABLETS 30MG,美妥平口溶錠 30 毫克,0.0,,單方,7.3,1120401,9991231,加拿安股份有限公司,口溶錠,MIRTAZAPINE,N06AX11,,鬱症,資訊不足,資訊不足
,AB49977209,YUPIME POWDER FOR INJECTION,喜非平乾粉注射劑,1.0,GM,單方,199,1120401,9991231,意欣國際有限公司,乾粉注射劑,CEFEPIME (AS HYDROCHLORIDE),J01DE01,,對Cefepime具感受性之細菌感染症。,資訊不足,資訊不足
,AB50206163,PIRACETAM ORAL SOLUTION”CENTER”,”晟德”派卡登內服液劑,200.0,ML,單方,76,1110101,9991231,晟德大藥廠股份有限公,內服液劑,PIRACETAM,N06BX03,,,,
,AB51029100,SYNTACE TABLETS 10 MG,欣泰 錠 10 毫克,0.0,,單方,4.52,1120401,9991231,健喬信元醫藥生技股份,錠劑,RAMIPRIL,C09AA05,,高血壓、心肌梗塞後心衰竭、降低心血管疾病導致之心肌梗塞、中風及死亡危險。,資訊不足,資訊不足
,AB524851G0,LVTANGSU TABLETS 500MG”KOJAR”(鋁箔/膠箔),”國嘉”濾糖素錠 500 毫克,0.0,,單方,2,1040101,9991231,國嘉製藥工業股份有限,錠劑,METFORMIN HCL,A10BA02,,,,
,AB55108100,NARGIN F.C. TABLETS 5MG,納靜膜衣錠 5 毫克,0.0,,單方,2.97,1120401,9991231,萬宇康有限公司,膜衣錠,NORDAZEPAM,N05BA16,,焦慮、緊張所引起的精神障礙。,資訊不足,資訊不足
,AB55553343,CALSKIN OINTMENT,克適癬軟膏,30.0,GM,單方,448,1120401,9991231,元豐泰生技醫藥股份有,軟膏劑,CALCIPOTRIOL,D05AX02,,尋常性牛皮癬。,資訊不足,資訊不足
,AB55990100,MOSA F.C. TABLETS 5MG,”信東”摩暢膜衣錠 5 毫克,0.0,,單方,1.67,1120401,9991231,信東生技股份有限公司,膜衣錠,MOSAPRIDE  （CITRATE DIHYDRATE）,A03FA09,,,,
,AB56731212,CEFEPIN POWDER FOR IV INJECTION,雪非平靜脈乾粉注射劑,2.0,GM,單方,403,1120401,9991231,新瑞生物科技股份有限,乾粉注射劑,CEFEPIME (AS HYDROCHLORIDE),J01DE01,,對 cefepime 具感受性之細菌性感染症。,資訊不足,資訊不足
,AB57191248,Lexacin I.V. Solution for infusion 5mg/ml ”Tai Yu”,”台裕”雷莎欣靜脈輸液5毫克/毫升,50.0,ML,單方,339,1120401,9991231,台裕化學製藥廠股份有,注射劑,LEVOFLOXACIN (HEMIHYDRATE),J01MA12,,,,
,AB57240219,TYNEN INJECTION,鈦能注射劑,4.0,ML,單方,9756,1120401,9991231,臺灣東洋藥品工業股份,注射液,DOCETAXEL,L01CD02,,,,
,AB57367100,BAMROL TABLETS 10MG,消喘錠10毫克,0.0,,單方,1.86,1120401,9991231,十安藥品股份有限公司,錠劑,BAMBUTEROL HYDROCHLORIDE,R03CC12,,支氣管氣喘。,資訊不足,資訊不足
,AB57845100,GLIMEPINE TABLETS 2MG,胰美平錠2毫克,0.0,,單方,1.81,1120401,9991231,新瑞生物科技股份有限,錠劑,GLIMEPIRIDE,A10BB12,,非胰島素依賴型（第2型）糖尿病。,資訊不足,資訊不足
,AB57982248,Ampholipad Liposome for Injection 50mg,安畢黴微脂粒凍晶注射劑50毫克,50.0,MG,單方,5243,1120401,9991231,台灣微脂體股份有限公,凍晶注射劑,AMPHOTERICIN B,J02AA01,,"治療感染囊球菌腦膜炎的HIV患者, 治療嚴重全身性及/或深部黴菌感染, 治療臟器的利時曼氏病, 對發燒的重度嗜中性白血球缺乏症患者可能罹患黴菌感染症之經驗療法。",資訊不足,資訊不足
,AB58280100,METFOPIN F.C. TABLETS 500MG,美獲平膜衣錠500毫克,0.0,,單方,1.5,1050601,9991231,新瑞生物科技股份有限,膜衣錠,METFORMIN HCL,A10BA02,,糖尿病。,資訊不足,資訊不足
,AC001181G0,EPHEDRINE HCL TABLETS 25 MG ”F.Y.”(鋁箔/膠箔),”福元”鹽酸麻黃鹼錠２５毫克,0.0,,單方,2,1040601,9991231,福元化學製藥股份有限,錠劑,EPHEDRINE HCL,R03CA02,,,,
,AC00605321,FLUCORT-F OINTMENT 0.025%,膚潤康益福軟膏０．０２５％,5.0,GM,複方,34,1120401,9991231,台灣田邊製藥股份有限,軟膏劑,FLUOCINOLONE ACETONIDE+NEOMYCIN (SULFATE),D07CC02,,急‧慢性濕疹、乳幼兒濕疹、異位性皮膚炎、接觸性皮膚炎(斑疹)、過敏性皮膚炎、陰部及肛門搔癢症、蕁麻疹、昆蟲咬螫、膿痂疹、膿皮症(膿疙疽癰、疔、水泡疹、膿腫)、創傷(刀傷、擦磨傷)、火傷、凍傷。,資訊不足,資訊不足
,AC00863100,ISOXINE TABLETS,來舒幸錠,0.0,,單方,1.5,1001201,9991231,生達化學製藥股份有限,錠劑,ISOXSUPRINE HCL,C04AA01,,末梢血管循環障礙、先兆性流產,資訊不足,資訊不足
,AC01577100,TRIPYLINE TABLETS 25MG”HL”,”華琳”得利穩錠２５毫克,0.0,,單方,1.5,1051001,9991231,華琳實業有限公司,錠劑,AMITRIPTYLINE (HCL),N06AA09,,,,
,AC01781100,VANMESON TABLETS,汎敏松錠,0.0,,單方,1.5,1090801,9991231,臺灣汎生製藥廠股份有,錠劑,BETAMETHASONE,H02AB01,,膠原病（播種狀紅斑性狼瘡、皮膚硬化症、結節性動脈周圍炎、皮膚肌炎）及過敏性疾患（支氣管氣喘、藥物過敏反應）、結合織炎、關節炎、重症皮膚疾患、休克、火傷,資訊不足,資訊不足
,AC019461G0,PREVOMIC S.C. TABLETS(鋁箔/膠箔),培嘔明糖衣錠,0.0,,單方,2,1020801,9991231,杏林新生製藥股份有限,糖衣錠,METOCLOPRAMIDE (2HCL MONOHYDRATE),A03FA01,,預防嘔吐、逆流性消化性食道炎、糖尿病引起之胃腸蠕動異常,資訊不足,資訊不足
,AC02321212,BUSCOMINE INJECTION,倍賜康敏注射液,2.0,ML,單方,15,1060201,9991231,東洲化學製藥廠股份有,注射劑,HYOSCYAMINE HYDROBROMIDE,A03BA03,,胃潰瘍、十二指腸潰瘍、胃炎、十二指腸炎、腸疝痛、膽管之痙攣、尿路之痙攣,資訊不足,資訊不足
,AC02589100,DIPORAX S.C. TABLETS,利保樂士糖衣錠,0.0,,複方,1.58,1120401,9991231,強生化學製藥廠股份有,糖衣錠,CHLORDIAZEPOXIDE HCL+CLIDINIUM BROMIDE,A03CA02,,胃、十二指腸潰瘍、胃、十二指腸炎、胃腸蠕動亢進、痙攣性結腸、尿道痙攣,資訊不足,資訊不足
,AC02844100,DL-METHYLEPHEDRINE HCL TABLETS ”YU SHENG”,”優生”鹽酸甲基麻黃生僉錠,0.0,,單方,1.5,1030201,9991231,優生製藥廠股份有限公,錠劑,METHYLEPHEDRINE DL- HCL,R03CA91,,,,
,AC02956100,YONG WANG CAPSULES ”T.F.”,勇旺膠囊,0.0,,複方,1.93,1031201,9991231,大豐製藥股份有限公司,膠囊劑,CAFFEINE ANHYDROUS+METHIONINE DL-+METHYLTESTOSTERONE+PYRIDOXINE HCL+RIBOFLAVIN (=VIT B2)+THIAMINE HCL (=THIAMINE CHLORIDE HYDROCHLORIDE),G03BA,,經臨床徵象及實驗室檢驗確認因睪固酮缺乏之男性生殖腺功能不足症(hypogonadism)的替代治療。,資訊不足,資訊不足
,AC03171100,DECALON TABLETS ”YU SHENG”,得嘉能錠,0.0,,單方,1.5,1030201,9991231,優生製藥廠股份有限公,錠劑,DEXAMETHASONE,H02AB02,,僂麻質斯性關節炎、膠原病、過敏性疾患、結合織炎及關節炎、重症皮膚疾患及炎症性眼科疾患、肉芽腫,資訊不足,資訊不足
,AC03291100,PINSAUN TABLETS ”YU SHENG”,”優生”平躁錠,0.0,,單方,1.5,1030201,9991231,優生製藥廠股份有限公,錠劑,AMITRIPTYLINE HCL,N06AA09,,,,
,AC03558212,PROPHYLLIN INJECTION ”ASTAR”,普樂非林注射液,2.0,ML,單方,15,1061001,9991231,安星製藥股份有限公司,注射劑,DYPHYLLINE(=DIHYDROXYPROPYL-THEOPHYLLINE),R03DA01,,資訊不足,資訊不足,資訊不足
,AC03759100,INTEAN CAPSULES,英得安膠囊,0.0,,單方,1.5,1050801,9991231,信隆藥品工業股份有限,膠囊劑,INDOMETHACIN,M01AB01,,風濕性關節炎、風濕痛,資訊不足,資訊不足
,AC039031G0,PELION TABLETS(鋁箔/膠箔),敏鎮錠,0.0,,單方,2,1091201,9991231,約克製藥股份有限公司,錠劑,CYPROHEPTADINE HCL,R06AX02,,資訊不足,資訊不足,資訊不足
,AC04122100,BAOGIN TABLETS 2MG ”BOWLIN”,〝寶齡〞寶靜錠２公絲,0.0,,單方,1.5,1011001,9991231,寶齡富錦生技股份有限,錠劑,DIAZEPAM,N05BA01,,,,
,AC04222100,BETA-DEXALONE TABLETS,倍得特體松錠,0.0,,單方,1.5,1020801,9991231,瑞士藥廠股份有限公司,錠劑,BETAMETHASONE,H02AB01,,風濕性疾患、過敏性疾患、皮膚炎,資訊不足,資訊不足
,AC04463212,SINTHATO INJECTION,星鎮吐注射液,2.0,ML,單方,15,1050601,9991231,安星製藥股份有限公司,注射劑,METOCLOPRAMIDE,A03FA01,,預防嘔吐、逆流性消化性食道炎、糖尿病引起之胃腸蠕動異常。,資訊不足,資訊不足
,AC04587238,DEXTRON V INJECTION ”N.K.”,葡維他注射液,20.0,ML,複方,15,1010201,9991231,南光化學製藥股份有限,注射劑,DEXTROSE+NIACINAMIDE (=NICOTINAMIDE)+PYRIDOXINE HCL+RIBOFLAVIN PHOSPHATE+TAURINE+THIAMINE HCL (=THIAMINE CHLORIDE HYDROCHLORIDE),B05XC,,維他命乙1、乙2、乙6、乙12、缺乏症之預防與治療,資訊不足,資訊不足
,AC04761329,SHIELIN POWDER,速備粉,10.0,GM,複方,44.5,1010101,9991231,生達化學製藥股份有限,外用粉劑,NEOMYCIN SULFATE+TRYPSIN,D06AX04,,膣炎、傳染性膿皮症、膿瘍、癤、疔、瘭疽、腋臭、外傷、火傷、皮膚移植後感染,資訊不足,資訊不足
,AC04857100,ZIKAN TABLETS ”LITA”,”利達”肌健錠,0.0,,單方,1.5,1041201,9991231,利達製藥股份有限公司,錠劑,CHLORZOXAZONE,M03BB03,,,,
,AC049631G0,TETRACYCLINE HCL CAPSULES ”C.C.P.”（鋁箔/膠箔）,鹽酸四環素膠囊,0.0,,單方,2,1001201,9991231,中國化學製藥股份有限,膠囊劑,TETRACYCLINE (HCL),J01AA07,,革蘭氏陽性、陰性菌、立克次氏體及巨型濾過性病毒感染症,資訊不足,資訊不足
,AC05272100,HUEI YI CAPSULES ”J.H.”,”正和”惠怡膠囊,0.0,,單方,2.22,1080401,9991231,正和製藥股份有限公司,膠囊劑,NALIDIXIC ACID,J01MB02,,,,
,AC05515100,AMINOPHYLLINE TABLETS ”LITA”,”利達”氨基非林錠,0.0,,單方,1.5,1041201,9991231,利達製藥股份有限公司,錠劑,AMINOPHYLLINE (=COROPHYLLIN),R03DA05,,,,
,AC05757100,CHIERHSIN TABLETS 10MG,治爾心錠10毫克,0.0,,單方,1.5,1031201,9991231,天下藥品股份有限公司,錠劑,PROPRANOLOL HCL,C07AA05,,,,
,AC05860100,MORPHINE HYDROCHLORIDE TABLETS 10MG,鹽酸嗎啡錠１０毫克,0.0,,單方,2.8,1040201,9991231,衛生福利部食品藥物管,錠劑,MORPHINE HCL,N02AA01,,鎮痛,資訊不足,資訊不足
,AC05954100,COSPANON CAPSULES,可使保朗膠囊,0.0,,單方,1.5,1080401,9991231,衛采製藥股份有限公司,膠囊劑,FLOPROPIONE,A03AX95,,緩解膽道疾病所引起的痙攣性症狀、緩解胰臟炎所引起的痙攣性症狀,資訊不足,資訊不足
,AC063941G0,PYRIDAMOLE F.C. TABLETS 25MG (鋁箔盒裝),沛心寧膜衣錠25毫克,0.0,,單方,2,1120601,9991231,健喬信元醫藥生技股份,膜衣錠,DIPYRIDAMOLE,B01AC07,,對於慢性狹心症之治療可能有效。,資訊不足,資訊不足
,AC06821100,AMPICILLIN CAPSULES 250MG ”VPP”,”榮民”安比西林膠囊２５０公絲,0.0,,單方,1.5,1030801,9991231,榮民製藥股份有限公司,膠囊劑,AMPICILLIN (TRIHYDRATE),J01CA01,,,,
,AC07204229,LIFUTIN INJECTION ”ASTAR”,汝復淨注射液,10.0,ML,複方,15,1050601,9991231,安星製藥股份有限公司,注射劑,CALCIUM BROMIDE+CHLORPHENIRAMINE MALEATE+NIACINAMIDE (=NICOTINAMIDE)+PYRIDOXINE HCL+RIBOFLAVIN PHOSPHATE SODIUM,R06AB54,,蕁麻疹、濕疹、皮膚炎、皮膚搔癢症、鼻炎、支氣管氣喘、汗疹、藥物疹、及其他過敏性皮膚炎、妊娠惡阻,資訊不足,資訊不足
,AC07630212,PULIN INJECTION ”YUNG SHIN”,普林注射液,2.0,ML,單方,15,1001201,9991231,永信藥品工業股份有限,注射劑,METOCLOPRAMIDE HCL,A03FA01,,預防嘔吐、逆流性消化性食道炎、糖尿病引起之胃腸蠕動異常,資訊不足,資訊不足
,AC07973421,NEOSINICIN EYE DROPS 5% ”OASIS”,內視新點眼液５％,5.0,ML,單方,29.9,1071201,9991231,綠洲化學工業有限公司,點眼液劑,PHENYLEPHRINE HCL,S01FB01,,充血性及過敏性結膜炎、眼科局部血管收縮、散瞳、於綠內障等眼科疾患而必要減少內壓時、綠內障之隅角閉鎖誘發試體角膜分枝試驗,資訊不足,資訊不足
,AC08510100,DACOCILIN CAPSULES 250MG,達可西林膠囊２５０公絲,0.0,,單方,1.5,1001201,9991231,中國化學製藥股份有限,膠囊劑,DICLOXACILLIN (SODIUM MONOHYDRATE),J01CF01,,革蘭氏陽性菌引起的感染症，含呼吸、泌尿、皮膚、軟組織感染等,資訊不足,資訊不足
,AC08851209,ANCILLINA INJECTION 1GM,安西林鈉注射劑一公克,1.0,GM,單方,25,1060401,9991231,中國化學製藥股份有限,乾粉注射劑,AMPICILLIN (SODIUM),J01CA01,,葡萄球菌、鏈球菌、肺炎雙球菌、腦膜炎球菌及其他具有感受性細菌引起之感染症,資訊不足,資訊不足
,AC08957100,”WINCOLD CAPSULES ””WINSTON”””,溫可得膠囊,0.0,,複方,1.5,1040401,9991231,溫士頓醫藥股份有限公,膠囊劑,CAFFEINE ANHYDROUS+NIACINAMIDE (=NICOTINAMIDE)+RIBOFLAVIN (=VIT B2)+TAURINE+THIAMINE HCL (=THIAMINE CHLORIDE HYDROCHLORIDE),R05X,,緩和一般感冒症狀（流鼻水、鼻塞、打噴嚏、咽喉痛、咳嗽、發燒、頭痛、肌肉痛）,資訊不足,資訊不足
,AC09211100,ALUDENE TABLETS,”井田”阿路炎錠,0.0,,單方,1.5,1031001,9991231,井田國際醫藥廠股份有,錠劑,AZULENE WATER SOLUBLE,A03AX91,,,,
,AC09334100,FUZUIN S.C. TABLETS ”CHINGTENG”,”井田”服膣淨糖衣錠,0.0,,單方,1.51,1120401,9991231,井田國際醫藥廠股份有,糖衣錠,METRONIDAZOLE,P01AB01,,,,
,AC094531G0,CEPHANMYCIN CAPSULES ”YUNG SHIN”(鋁箔/膠箔),”永信”適汎黴素膠囊,0.0,,單方,2,1100201,9991231,永信藥品工業股份有限,膠囊劑,CEPHALEXIN (MONOHYDRATE),J01DB01,,,,
,AC09615100,CYPRODINE TABLETS ”MEIDER”,息爾敏錠,0.0,,單方,1.5,1040101,9991231,明德製藥股份有限公司,錠劑,CYPROHEPTADINE HCL,R06AX02,,過敏症、搔癢症、皮膚炎、濕疹、枯草熱、過敏性鼻炎、蕁麻疹、接觸性皮炎、藥物/血清過敏、組織胺性頭痛,資訊不足,資訊不足
,AC09722100,”MEFEINE TABLETS ””H.C””MEFEINE TABLETS”,炎斐鎮錠,0.0,,單方,1.5,1031201,9991231,衛肯生技製藥股份有限,錠劑,MEFENAMIC ACID,M01AG01,,肌肉痛、背痛、月經痛、手術後之疼痛、頭痛、齒痛、急慢性風濕性關節炎等之解熱、鎮痛、消炎,資訊不足,資訊不足
,AC09987100,CONICINE TABLETS ”H.H.”,”華興”可爾信錠,0.0,,單方,1.5,1010301,9991231,華興化學製藥廠股份有,錠劑,COLCHICINE,M04AC01,,,,
,AC10139100,PREDSON TABLETS ”H.S.”,”華興”去氫錠,0.0,,單方,1.5,1010301,9991231,華興化學製藥廠股份有,錠劑,PREDNISOLONE,H02AB06,,,,
,AC10221321,”WINCORT CREAM ””WINSTON”””,溫刻通水溶性軟膏,5.0,GM,複方,24.5,1120401,9991231,溫士頓醫藥股份有限公,軟膏劑,TRIAMCINOLONE ACETONIDE,D07CB01,,異位皮膚炎、濕疹、錢幣形濕疹、一般紅皮症、外耳炎、皮脂溢性皮膚炎、過敏性皮膚炎、濕疹黴菌性皮膚炎,資訊不足,資訊不足
,AC10320277,”ELECTRO-5% DEXTROSE INFUSION SOLUTION ””Y.F.”””,益力葡萄糖輸注液,500.0,ML,複方,29.4,1120401,9991231,永豐化學工業股份有限,注射劑,CALCIUM CHLORIDE+MAGNESIUM CHLORIDE HEXAHYDRATE+POTASSIUM CHLORIDE+SODIUM ACETATE+SODIUM CHLORIDE+SODIUM LACTATE ANHYDROUS,B05BB02,,體液及熱能之補充（嘔吐、腹瀉引起的脫水症狀及電解質缺乏或火傷、手術、外傷出血所引起的休克現象之治療）,資訊不足,資訊不足
,AC10414417,EYE WINACORT OINTMENT ”WINSTON”,眼用溫拿可通軟膏,3.5,GM,複方,22.2,1040401,9991231,溫士頓醫藥股份有限公,點眼膏劑,NEOMYCIN (SULFATE)+TRIAMCINOLONE ACETONIDE,S01CA,,眼瞼炎、結膜炎、鞏膜炎、虹彩炎等炎症性眼疾患、急慢性、過敏性及手術後之眼疾患,資訊不足,資訊不足
,AC10487100,HUASWEI TABLETS ”H.H.”,”華興” 華舒胃錠,0.0,,複方,1.5,1010301,9991231,華興化學製藥廠股份有,錠劑,ALUMINUM SILICATE+CHLORDIAZEPOXIDE+DICYCLOMINE HCL+MAGNESIUM ALUMINUM HYDROXIDE CO-DRIED GEL+MAGNESIUM OXIDE+SCOPOLAMINE BROMOBUTYLATE,A02AG,,,,
,AC10654255,NORM-SALINE INJECTION ”OTSUKA”(100ML),”大塚”諾沙林注射液,100.0,ML,單方,22,1080601,9991231,臺灣大塚製藥股份有限,注射劑,SODIUM CHLORIDE,B05XA03,,,,
,AC10764100,BACDAN TABLETS ”PATRON”,菌必蕩錠,0.0,,複方,1.5,1041101,9991231,臺灣派頓化學製藥股份,錠劑,SULFAMETHOXAZOLE+TRIMETHOPRIM,J01EE01,,由革蘭氏陽性菌及陰性菌所引起之呼吸道、胃腸道、尿道感染症,資訊不足,資訊不足
,AC10909100,CINNARIZINE TABLETS ”YU SHENG”,星納利淨錠,0.0,,單方,1.5,1030201,9991231,優生製藥廠股份有限公,錠劑,CINNARIZINE,N07CA02,,噁心、眩暈、迷路障礙、暈動病、末梢血管循環障礙。,資訊不足,資訊不足
,AC11082100,INDOZU E.C. TABLETS ”YUNG CHI”,炎得治腸溶錠,0.0,,單方,1.5,1061001,9991231,永吉製藥股份有限公司,腸溶糖衣錠,INDOMETHACIN,M01AB01,,風濕性關節炎、變形性關節症等炎症疾患的消炎、解熱,資訊不足,資訊不足
,AC111931G0,TEITHCAN SUGAR COATING TABLETS ”CHIN TENG”(鋁箔/膠箔),”井田”特適肝糖衣錠,0.0,,單方,2,1031001,9991231,井田國際醫藥廠股份有,糖衣錠,ANETHOLE TRITHIONE,A16AX02,,,,
,AC11331299,GENTAMICIN INJECTION ”YUNG SHIN”,健大黴素注射液,1.0,ML,單方,1.35,1110101,9991231,永信藥品工業股份有限,注射劑,GENTAMICIN (SULFATE),J01GB03,,革蘭氏陽性、陰性菌、立克次氏體及巨型濾過性病毒感染症。,資訊不足,資訊不足
,AC11476221,SHINCORT INJECTION ”YUNG SHIN”,信可得關節注射液,5.0,ML,單方,23.8,1030701,9991231,永信藥品工業股份有限,注射劑,TRIAMCINOLONE (ACETONIDE),H02AB08,,風濕性關節炎、滑囊炎、過敏性皮膚炎、支氣管氣喘、過敏性鼻炎、天？瘡、過敏性及發炎性眼科疾患。,資訊不足,資訊不足
,AC11570238,SERACIN INJECTION,世力黴素注射液,20.0,ML,單方,38.6,1120401,9991231,瑞士藥廠股份有限公司,注射劑,GENTAMICIN (SULFATE),J01GB03,,革蘭氏陽性、陰性菌、立克次氏體及巨型濾過性病毒感染症,資訊不足,資訊不足
,AC11665209,ASTHPIN INJECTION,平喘注射液,1.0,ML,複方,15,1011101,9991231,瑞士藥廠股份有限公司,注射劑,CHLORPHENIRAMINE MALEATE+DYPHYLLINE(=DIHYDROXYPROPYL-THEOPHYLLINE)+METHOXYPHENAMINE HCL,R03DB01,,,,
,AC118071G0,DIPYRON TABLETS(鋁箔/膠箔),泰平痛錠,0.0,,單方,2,1030801,9991231,杏林新生製藥股份有限,錠劑,DICYCLOMINE HCL,A03AA07,,胃、十二指腸潰瘍、胃痛、胃炎、膽囊炎、膽石症、尿道結石、腎結石之鎮痛、鎮痙,資訊不足,資訊不足
,AC11890212,UCOUGIN-MEI INJECTION,優咳真－美注射液,2.0,ML,複方,15,1050601,9991231,安星製藥股份有限公司,注射劑,CHLORPHENIRAMINE MALEATE+DEXTROMETHORPHAN HBR+GUAIACOL GLYCOLATE (=GLYCERYL GUAIACOLATE)+METHYLEPHEDRINE DL- HCL,R05FA02,,鎮咳、袪痰（感冒、咽頭炎、喉頭炎、急、慢性支氣管炎、支氣管擴張症、支氣管氣喘、氣喘性支氣管炎等引起之咳嗽喀痰）,資訊不足,資訊不足
,AC12050229,GENTACIN INJECTION ”S.T.”,”信東”健達身注射液,10.0,ML,單方,16.5,1070501,9991231,信東生技股份有限公司,注射劑,GENTAMICIN (SULFATE),J01GB03,,,,
,AC12371100,”BETAMETHASONE TABLETS ””M.T.”””,痛喜錠,0.0,,單方,1.5,1040401,9991231,明大化學製藥股份有限,錠劑,BETAMETHASONE,H02AB01,,風濕性關節炎、骨關節炎、支氣管氣喘、過敏性鼻炎、枯草熱、蕁麻疹、散播性紅斑、過敏性皮膚炎、狼瘡,資訊不足,資訊不足
,AC12474229,DEXAMETHASONE INJECTION 4MG/ML ”N.K.”,利解痛注射液４毫克／毫升,10.0,ML,單方,19.7,1120401,9991231,南光化學製藥股份有限,注射劑,DEXAMETHASONE PHOSPHATE (SODIUM),H02AB02,,,,
,AC12552100,CININ TABLETS ”N.C.P.”,”新喜”信寧錠,0.0,,單方,1.5,1060801,9991231,新喜國際企業股份有限,錠劑,CINNARIZINE,N07CA02,,,,
,AC12782100,DOXYCYCLINE CAPSULES 100MG ”CSP”,偉世康黴素膠囊１００公絲,0.0,,單方,1.5,1030801,9991231,嘉信藥品股份有限公司,膠囊劑,DOXYCYCLINE (HCL),J01AA02,,革蘭氏陽性、陰性菌、立克次氏體及巨型濾過性病毒感染症,資訊不足,資訊不足
,AC12880100,COUGHMIN S.C. TABLETS ”KYORIN”,”杏林”咳服寧糖衣錠,0.0,,複方,1.5,1020801,9991231,杏林新生製藥股份有限,糖衣錠,CHLORPHENIRAMINE MALEATE+DIBUNATE SODIUM (=CORTEMIN S=SODIUM 2，6-DI-TERTIAR+METHYLEPHEDRINE DL- HCL,R05DB,,,,
,AC13162100,BETAMETHASONE TABLETS ”JOHNSON”,貝他每松錠,0.0,,單方,1.5,1001201,9991231,強生化學製藥廠股份有,錠劑,BETAMETHASONE,H02AB01,,風濕性關節炎、風濕熱、膠原病、過敏性疾患、結合織炎及關節炎樣疾患、重症皮膚疾患、過敏性及炎症性眼科疾患、肉芽腫,資訊不足,資訊不足
,AC13405100,MEFENAMIC ACID CAPSULES ”N.C.P.”,”新喜”每非那膠囊,0.0,,單方,1.5,1060801,9991231,新喜國際企業股份有限,膠囊劑,MEFENAMIC ACID,M01AG01,,,,
,AC13576299,”KANAMYCIN INJECTION ””TAI YU”””,”””台裕””康納黴素注射液”,1.0,ML,單方,1.33,1040401,9991231,台裕化學製藥廠股份有,注射劑,KANAMYCIN (SULFATE),J01GB04,,,,
,AC13637229,GENTAMICIN SULFATE INJECTION ”SOURIREE”,”盈盈” 見大黴素注射液,10.0,ML,單方,16.5,1070501,9991231,盈盈生技製藥股份有限,注射劑,GENTAMICIN (SULFATE),J01GB03,,,,
,AC13718209,”5%/0.45% DEXTROSE AND SODIUM CHLORIDE INJECTION ””Y.F.”””,5%/0.45%葡萄糖食鹽水注射液,1.0,L (LIT,複方,35,1040101,9991231,永豐化學工業股份有限,注射劑,SODIUM CHLORIDE,B05BB02,,,,
,AC13907238,VITAGEN-S INJECTION,美達研－益舒注射液,20.0,ML,複方,15,1030201,9991231,信東生技股份有限公司,注射劑,ASCORBIC ACID (=VIT C)+GLUCOSE MONOHYDRATE+NIACINAMIDE (=NICOTINAMIDE)+PYRIDOXINE HCL+RIBOFLAVIN PHOSPHATE SODIUM+THIAMINE HCL (=THIAMINE CHLORIDE HYDROCHLORIDE),B05XC,,消除疲勞、發育不良、虛弱體質、熱性、消耗性疾患之補助治療、妊娠婦之營養補給,資訊不足,資訊不足
,AC140151G0,SPIRONOLACTONE TABLETS 25 MG ”C. L.”,”嘉林”蘇拉通錠25毫克,0.0,,單方,2,1080801,9991231,嘉林藥品有限公司,錠劑,SPIRONOLACTONE,C03DA01,,,,
,AC14195100,D.A.A. TABLETS ”F.Y.”,”福元”塞朗錠,0.0,,單方,1.5,1040601,9991231,福元化學製藥股份有限,錠劑,ALUMINUM DIHYDROXYALLANTOINATE (=ALDIOXA),A02AB92,,,,
,AC14321429,PAMESONE OPHTHALMIC SOLUTION ”PATRON”,”派頓”派敏鬆眼藥水,10.0,ML,複方,25.4,1080601,9991231,臺灣派頓化學製藥股份,點眼液劑,DEXAMETHASONE PHOSPHATE (SODIUM)+NEOMYCIN (SULFATE),S01CA01,,,,
,AC14357238,”PYRICOBAMIN INJECTION ””TAI YU”””,”””台裕””倍利敏痛注射液”,20.0,ML,複方,15,1041001,9991231,臺裕化學製藥廠股份有,注射劑,HYDROXOCOBALAMIN ACETATE+PYRIDOXINE HCL,B05XC,,,,
,AC14622221,FUTIGEN-H INJECTION ”S.Y.”,膚體健注射液,5.0,ML,複方,15,1040201,9991231,壽元化學工業股份有限,注射劑,BIOTIN+CHLORPHENIRAMINE MALEATE+GLYCYRRHIZIC ACID (=GLYCYRRHETINIC ACID GLYCOSIDE)+PYRIDOXINE HCL+RIBOFLAVIN PHOSPHATE SODIUM,R06AB54,,資訊不足,資訊不足,資訊不足
,AC14845100,FULUCON TABLETS ”S.T.”,”世達”服汝康錠,0.0,,複方,1.5,1041201,9991231,世達藥品工業股份有限,錠劑,ACETAMINOPHEN (=PARACETAMOL)+CHLORMEZANONE,M03BB52,,,,
,AC14930100,”CHLORZOXAZONE TABLETS ””WINSTON”””,氯若沙宗錠,0.0,,單方,1.5,1040401,9991231,溫士頓醫藥股份有限公,錠劑,CHLORZOXAZONE,M03BB03,,骨骼肌肉之異常緊張所引起症狀：肩酸、肌肉痛、肌炎、捻挫運動後之酸痛,資訊不足,資訊不足
,AC15080329,Y.T.II Ointment ”Tai Yu”,台裕勇士軟膏,10.0,GM,複方,26.6,1040101,9991231,臺裕化學製藥廠股份有,軟膏劑,CHLORTETRACYCLINE (HCL)+TRIAMCINOLONE ACETONIDE,D07CB01,,,,
,AC15218277,”DEXTROSE INJECTION 5% ””TAI YU”””,”””台裕””右旋糖注射液5%”,500.0,ML,單方,25,1050401,9991231,台裕化學製藥廠股份有,注射劑,DEXTROSE,B05BA03,,,,
,AC15368100,DIPHENIDOL SUGAR COATING TABLETS ”YUNG SHIN”,”永信”敵芬糖衣錠,0.0,,單方,1.5,1001201,9991231,永信藥品工業股份有限,糖衣錠,DIPHENIDOL HCL,N07CA,,,,
,AC15473299,LINCOMYCIN HCL INJ. 300MG,”””台裕””林可黴素注射液300毫克”,1.0,ML,單方,1.96,1040401,9991231,台裕化學製藥廠股份有,注射劑,LINCOMYCIN (HCL),J01FF02,,,,
,AC15561277,MANNITOL INJECTION 20% ”SHUN HWA”,〝順華〞 邁尼妥注射液２０％,500.0,ML,單方,107,1120401,9991231,順華藥品工業股份有限,注射劑,MANNITOL,B05BC01,,,,
,AC15674100,SESDEN CAPSULES (TIMEPIDIUM),生舒定膠囊（梯每匹定）,0.0,,單方,2.55,1110101,9991231,台灣田邊製藥股份有限,膠囊劑,TIMEPIDIUM BROMIDE,A03AB19,,胃炎、十二指腸潰瘍、腸炎、膽囊膽管疾患、尿路結石等平滑肌痙攣及胰炎疼痛,資訊不足,資訊不足
,AC15910100,PIPRINHYDRINATE TABLETS ”P.L.”,匹普林奈錠,0.0,,單方,1.5,1001201,9991231,培力藥品工業股份有限,錠劑,PIPRINHYDRINATE,R06AA07,,蕁麻疹、濕疹、皮膚炎、藥物疹、皮膚搔癢症、過敏性鼻炎、支氣管氣喘、暈動病,資訊不足,資訊不足
,AC16195100,DEXTROMETHORPHAN TABLETS 30 MG,美蘇仿錠３０毫克,0.0,,單方,1.5,1081201,9991231,約克製藥股份有限公司,錠劑,DEXTROMETHORPHAN HBR,R05DA09,,鎮咳（感冒、咽喉炎、支氣管炎、支氣管擴張症所引起之咳嗽,資訊不足,資訊不足
,AC16402348,SILVER SULFADIAZINE CREAM,皮復健乳膏,50.0,GM,單方,43.7,1091001,9991231,瑞士藥廠股份有限公司,乳膏劑,SULFADIAZINE SILVER,D06BA01,,熱傷感染預防及治療，特別革蘭氏陰性菌感染。其他刀傷、外傷、創傷、傷口感染預防及治療。,資訊不足,資訊不足
,AC16457212,HYCOBAL INJECTION (HYDROXOCOBALAMINE) ”SWISS”,愛可保注射液（羥酮鈷胺明）,2.0,ML,單方,15,1091001,9991231,瑞士藥廠股份有限公司,注射劑,HYDROXOCOBALAMIN,B03BA03,,治療各種疼痛及神經炎（坐骨神經痛、神經系病、多發性神經炎、肩胛骨、肱骨關節、週邊炎、頸、背神經痛、外傷後之疼痛、帶狀泡疹之痛症）,資訊不足,資訊不足
,AC16698100,WINSOCAINE TABLETS ”Y.K.”,”約克” 穩舒痛錠,0.0,,複方,1.5,1110401,9991231,約克製藥股份有限公司,錠劑,ACETAMINOPHEN (=PARACETAMOL)+CHLORMEZANONE,M03BB52,,,,
,AC16862329,TOPCORT CREAM ”RICHEVER”,得膚克親水軟膏（氟欣諾能）,10.0,GM,單方,42.2,1120401,9991231,裕心企業有限公司,軟膏劑,FLUOCINONIDE,D07AC08,,急性濕疹、慢性濕疹、乳幼兒濕疹、脂漏性濕疹、貨幣狀濕疹、接觸性皮膚炎、異位性皮膚炎,資訊不足,資訊不足
,AC16963209,SIVKORT STERILE SUSPENSION 40MG (TRIAMCINOLONE),修克托懸濁注射液40公絲,1.0,ML,單方,20.7,1060401,9991231,壽元化學工業股份有限,注射劑,TRIAMCINOLONE (ACETONIDE),H02AB08,,,,
,AC17124100,WEYAN TABLETS ”M.T.”,胃雅錠,0.0,,複方,1.5,1040801,9991231,明大化學製藥股份有限,錠劑,ATROPINE SULFATE+HYOSCYAMINE SULFATE+PHENOBARBITAL+SCOPOLAMINE HBR,A03CB,,消化性潰瘍、過敏性腸疾患（過敏性結腸、痙攣性結腸、粘液性結腸炎）急性腸結腸炎,資訊不足,資訊不足
,AC17203100,GLYCYRRIZINE & OPIUM COMPOUND TABLETS ”HEALTH”,”健康”複方甘草合劑錠,0.0,,複方,1.5,1011101,9991231,健康化學製藥股份有限,錠劑,ANISE OIL+BENZOIC ACID+CAMPHOR+GLYCYRRHIZINE EXTRACT+OPIUM POWDER,R05FA02,,,,
,AC17350212,DIPYRIDAMOLE INJECTION ”STANDARD”,”生達”待匹力達注射液,2.0,ML,單方,15,1010201,9991231,生達化學製藥股份有限,注射劑,DIPYRIDAMOLE,B01AC07,,,,
,AC17713100,MEBENDAZOLE TABLETS ”LITA”,”利達”美必達錠（每鞭達挫）,0.0,,單方,1.5,1050401,9991231,利達製藥股份有限公司,錠劑,MEBENDAZOLE,P02CA01,,,,
,AC17890100,SELADIN CAPSULES,省治痛膠囊,0.0,,單方,1.5,1001201,9991231,永信藥品工業股份有限,膠囊劑,NAPROXEN,M01AE02,,鎮痛、解熱、消炎（痛風、風濕熱、風濕病）脊椎炎,資訊不足,資訊不足
,AC18088338,TOPSYM OINTMENT (FLUOCINONIDE),妥膚淨軟膏（氟欣諾能）,20.0,GM,單方,97,1120401,9991231,台灣田邊製藥股份有限,軟膏劑,FLUOCINONIDE,D07AC08,,急性濕疹、慢性濕疹、乳小兒濕疹、脂漏性濕疹、接觸性皮膚炎、異位性皮膚炎、尋常性皮膚炎、乾癬、尋常性白斑、掌蹠膿疱症、癢疹類（蕁麻疹樣苔癬等）,資訊不足,資訊不足
,AC18291212,GENTA-C INJECTION 40MG/ML ”GENTLE”,見大黴素注射液４０公絲／公撮,2.0,ML,單方,15,1050501,9991231,政德製藥股份有限公司,注射劑,GENTAMICIN (SULFATE),J01GB03,,,,
,AC18451100,G.P.D. CAPSULES ”HEALTH”,”健康”吉必得膠囊,0.0,,複方,1.5,1011101,9991231,健康化學製藥股份有限,膠囊劑,DEXTROMETHORPHAN HBR+GUAIACOL GLYCERYL ETHER (=GUAIFENESIN)+PSEUDOEPHEDRINE HCL,R05FA02,,,,
,AC18589209,NEO-ERGO INJECTION ”ORIENTAL”,”東洲”利縮止血注射液,1.0,ML,單方,17.4,1091001,9991231,東洲化學製藥廠股份有,注射劑,METHYLERGONOVINE MALEATE,G02AB01,,,,
,AC18670229,DEXAMETHASONE INJECTION 4 MG/ML ”GENTLE”,”政德”的剎美剎松注射液４公絲／公撮,10.0,ML,單方,19.7,1120401,9991231,政德製藥股份有限公司,注射劑,DEXAMETHASONE PHOSPHATE (SODIUM),H02AB02,,,,
,AC18789100,POSTON CAPSULES 250MG ”CHEN TA”,”成大”博舒痛膠囊 250毫克,0.0,,單方,1.5,1060601,9991231,成大藥品股份有限公司,膠囊劑,MEFENAMIC ACID,M01AG01,,,,
,AC18946212,DEXAMETHASONE INJECTION ”Y.Y.”,”應元”得能速注射液（的剎美剎松）,2.0,ML,單方,15,1021201,9991231,應元化學製藥股份有限,注射劑,DEXAMETHASONE PHOSPHATE (SODIUM),H02AB02,,,,
,AC19093100,DIPHENIDOL TABLETS 25MG”N.C.P”,”新喜”迪骨錠25毫克,0.0,,單方,1.5,1100601,9991231,新喜國際企業股份有限,錠劑,DIPHENIDOL HCL,N07CA,,,,
,AC19210100,ERGOCAFE TABLETS ”C.H.”,”正和”痛安錠,0.0,,複方,1.5,1021201,9991231,正和製藥股份有限公司,錠劑,CAFFEINE+ERGOTAMINE TARTRATE,N02CA52,,,,
,AC19276221,”THIOCTAN INJECTION (THIOCTIC ACID) ””TAI YU”””,”””台裕””久克坦 注射液(硫辛酸)”,5.0,ML,單方,15,1040401,9991231,台裕化學製藥廠股份有,注射劑,THIOCTATE (SODIUM),A05AX03,,,,
,AC19362329,TODERMGEN CREAM,妥達健乳膏,10.0,GM,複方,55,1060401,9991231,瑞士藥廠股份有限公司,乳膏劑,BETAMETHASONE (17-VALERATE)+DIPHENYLPYRALINE HCL+NEOMYCIN (SULFATE)+NYLIDRIN HCL,D07CC01,,蕁麻疹、濕疹、牛皮癬、皮膚搔癢症等,資訊不足,資訊不足
,AC194451G0,KPHADOL TABLETS ”SWISS” (DIPHENIDOL)(鋁箔/膠箔),”瑞士”凱服樂錠（敵芬尼朵）(鋁箔/膠箔),0.0,,單方,2,1030801,9991231,瑞士藥廠股份有限公司,錠劑,DIPHENIDOL HCL,N07CA,,,,
,AC195221G0,BICOTAN E.C. TABLETS (BISACODYL)(鋁箔/膠箔),秘可泰腸溶錠,0.0,,單方,2,1090401,9991231,衛肯生技製藥股份有限,腸溶膜衣錠,BISACODYL,A06AB02,,暫時緩解便秘、診斷及手術前清腸,資訊不足,資訊不足
,AC195581G0,NAPROXEN TABLETS ”ROYAL”,”皇佳” 那必治錠(那普洛仙),0.0,,單方,2,1120801,9991231,皇佳化學製藥股份有限,錠劑,NAPROXEN,M01AE02,,,,
,AC19616329,BETAMETHASONE OINTMENT ”SINPHAR”,”杏輝” 貝他每松軟膏,10.0,GM,單方,15.4,1120401,9991231,杏輝藥品工業股份有限,軟膏劑,BETAMETHASONE (DIPROPIONATE),D07AC01,,,,
,AC196391G0,PROPRA TABLETS (PROPRANOLOL) ”ROYAL”(鋁箔/膠箔),心保樂錠（健心寧）,0.0,,單方,2,1040201,9991231,皇佳化學製藥股份有限,錠劑,PROPRANOLOL HCL,C07AA05,,狹心症、不整律（上心室性不整律、心室性心搏過速）、原發性及腎性高血壓、偏頭痛、控制原發性震顛、控制焦慮性心搏過速、甲狀腺毒症的輔助劑、親鉻細胞瘤,資訊不足,資訊不足
,AC196651G0,LORAZEPAM TABLETS 0.5MG ”LITA”(鋁箔/膠箔),”利達” 樂得靜錠０．５毫克,0.0,,單方,2,1061001,9991231,利達製藥股份有限公司,錠劑,LORAZEPAM,N05BA06,,,,
,AC197691G0,LOPERAMIDE CAPSULES ”H.S.”,”華興”宜莫痢膠囊,0.0,,單方,2,1010301,9991231,華興化學製藥廠股份有,膠囊劑,LOPERAMIDE HCL,A07DA03,,,,
,AC19904421,”WINMEGEN OPHTHALMIC SOLUTION ””WINSTON”””,溫美眼眼藥水,5.0,ML,複方,12.3,1040401,9991231,溫士頓醫藥股份有限公,點眼液劑,NAPHAZOLINE HCL,S01GA51,,角膜炎、角膜潰瘍、手術後角膜混濁、異物障害、角膜上皮剝離、腺病性角膜炎、眼充血、鼻淚管閉塞,資訊不足,資訊不足
,AC19976100,RIFAMPIN CAPSULES 300MG ”VPP”,”榮民”利肺寧膠囊３００公絲,0.0,,單方,8,1030801,9991231,榮民製藥股份有限公司,膠囊劑,RIFAMPIN (= RIFAMPICIN) (=RIMACTAN),J04AB02,,,,
,AC20037100,SONGORA F.C TABLETS (NICAMETATE) ”ROYAL”,爽力膠衣錠（尼卡密特）,0.0,,單方,1.5,1040201,9991231,皇佳化學製藥股份有限,口溶膜,NICAMETATE CITRATE,C04AC,,末梢血管循環障礙,資訊不足,資訊不足
,AC200691G0,TONIFEN CAPSULES (MEFENAMIC ACID) ”ROYAL”鋁箔盒裝,”皇佳”痛立惠膠囊（每非那）,0.0,,單方,2,1040401,9991231,皇佳化學製藥股份有限,膠囊劑,MEFENAMIC ACID,M01AG01,,,,
,AC20102338,TRIACT CREAM ”GCPC”,”人人”三用親水性軟膏,20.0,GM,複方,55,1120401,9991231,人人化學製藥股份有限,乳膏劑,GRAMICIDIN+NEOMYCIN (SULFATE)+NYSTATIN+TRIAMCINOLONE ACETONIDE,D07CB01,,,,
,AC20116100,”URODIX TABLETS (NALIDIXIC ACID) ””ROYAL”””,優得士錠（那利敵新）,0.0,,單方,2.22,1080401,9991231,皇佳化學製藥股份有限,錠劑,NALIDIXIC ACID,J01MB02,,尿道、腎盂、前列腺、腸道、膽道感染症,資訊不足,資訊不足
,AC20286100,”SUSPAN F.C TABLETS (SCOPOLAMINE BUTYL BROMIDE) ”” ROYAL ”””,舒痙平膠衣錠（普斯克）,0.0,,單方,1.5,1040401,9991231,皇佳化學製藥股份有限,膜衣錠,SCOPOLAMINE BROMOBUTYLATE,A03BB01,,胃、十二指腸潰瘍、胃炎、十二指腸炎、腸疝痛、膽囊炎、膽道炎、膽石症,資訊不足,資訊不足
,AC20387100,NAPROXEN TABLETS ”YUNG CHI”,”永吉”鈉可鎮錠（那普洛先）,0.0,,單方,1.5,1070201,9991231,永吉製藥股份有限公司,錠劑,NAPROXEN,M01AE02,,,,
,AC20453212,”DIPROPHYLLINE INJECTION ””S.Y.”””,待普菲林注射液,2.0,ML,單方,15,1040201,9991231,壽元化學工業股份有限,注射劑,DIPROPHYLLINE,R03DA01,,氣喘及支氣管痙攣,資訊不足,資訊不足
,AC20700100,”KETOPROFEN CAPSULES ””WINSTON”””,復健炎膠囊(可多普洛菲),0.0,,單方,1.56,1120401,9991231,溫士頓醫藥股份有限公,膠囊劑,KETOPROFEN,M01AE03,,,,
,AC20842209,ESTRADIOL INJECTION”T.F.”,”大豐”苯甲酸氫偶素注射液,1.0,ML,單方,25,1060401,9991231,大豐製藥股份有限公司,注射劑,ESTRADIOL BENZOATE,G03CA03,,,,
,AC20873100,”CLIXIN F.C TABLETS ””ROYAL”””,潰立息膠衣錠,0.0,,複方,1.58,1120401,9991231,皇佳化學製藥股份有限,糖衣錠,CHLORDIAZEPOXIDE,A03CA02,,胃、十二指腸潰瘍、急慢性胃炎、大腸炎、神經性消化不良,資訊不足,資訊不足
,AC209111G0,SONCO TABLETS ”ROYAL”(鋁箔/膠箔),”皇佳” 爽咳錠,0.0,,複方,2,1041101,9991231,皇佳化學製藥股份有限,錠劑,CODEINE PHOSPHATE+TERPIN HYDRATE,R05FA02,,,,
,AC21020212,ORPHENADRINE INJECTION ”Y.Y.”,”應元”奧菲那特林注射液,2.0,ML,單方,15,1030801,9991231,應元化學製藥股份有限,注射劑,ORPHENADRINE CITRATE,M03BC01,,,,
,AC21111151,”KODAPIN SYRUP ””ROYAL”””,”””皇佳””咳滴平糖漿”,60.0,ML,複方,25,1040401,9991231,皇佳化學製藥股份有限,糖漿劑,BROMHEXINE HCL+DOXYLAMINE SUCCINATE+METAPROTERENOL SULFATE(=ORCIPRENALINE SULFATE),R05X,,,,
,AC21316100,”SALBUTAMOL TABLETS ””M.T.”””,喘佳錠（沙布坦）,0.0,,單方,1.5,1040401,9991231,明大化學製藥股份有限,錠劑,SALBUTAMOL (SULFATE),R03CC02,,支氣管氣喘、小孩氣喘、急、慢性支氣管炎、支氣管擴張症,資訊不足,資訊不足
,AC21462100,ZECOL TABLETS,”瑞士”止咳錠,0.0,,複方,1.5,1020601,9991231,瑞士藥廠股份有限公司,錠劑,DEXTROMETHORPHAN HBR+LYSOZYME CHLORIDE+POTASSIUM CRESOLSULFONATE,R05FA02,,,,
,AC21539100,RISONIN CAPSULES ”D.T.S.”,”達德士”理腸寧膠囊,0.0,,單方,2.21,1120401,9991231,達德士藥品有限公司,膠囊劑,PANAZON,A07AX92,,,,
,AC21630265,TAITA NO.2 INJECTION ”OTSUKA”,”大塚”台大二號注射液,250.0,ML,複方,26.3,1070501,9991231,臺灣大塚製藥股份有公,注射劑,DEXTROSE ANHYDROUS+POTASSIUM ACETATE+SODIUM ACETATE+SODIUM CHLORIDE+SODIUM PHOSPHATE MONOBASIC MONOHYDRATE,B05BB02,,,,
,AC21652157,MINTAPP SYRUP ”SINPHAR”,”杏輝” 敏達糖漿,120.0,ML,單方,72,1001201,9991231,杏輝藥品工業股份有限,糖漿劑,LORATADINE,R06AX13,,,,
,AC21754100,COLCIN TABLETS (COLCHICINE),克風欣錠（秋水仙　）,0.0,,單方,1.5,1040401,9991231,皇佳化學製藥股份有限,錠劑,COLCHICINE,M04AC01,,,,
,AC21830100,”LOPERAMIN TABLETS (LOPERAMIDE) ””M.T.”””,樂瀉寧錠（樂必寧）,0.0,,單方,1.5,1040401,9991231,明大化學製藥股份有限,錠劑,LOPERAMIDE HCL,A07DA03,,急、慢性腹瀉,資訊不足,資訊不足
,AC21886100,”BETAMETHASONE TABLETS ””S.Y.”””,美他貝松錠,0.0,,單方,1.5,1040201,9991231,壽元化學工業股份有限,錠劑,BETAMETHASONE,H02AB01,,僂麻質斯性疾患、過敏性疾患、關節炎樣疾患、一般副腎皮質之適應症,資訊不足,資訊不足
,AC21924336,MY COMB CREAM ”SINPHAR”,”杏輝”美康乳膏,16.0,GM,複方,28.9,1120401,9991231,杏輝藥品工業股份有限,乳膏劑,GRAMICIDIN+NEOMYCIN (SULFATE)+NYSTATIN+TRIAMCINOLONE ACETONIDE,D07CB01,,,,
,AC21996100,”OPIUM AND GLYCYRRHIZA MIXTURE TABLETS ””ASTAR”””,複方鴉片甘草合劑錠,0.0,,複方,1.5,1040201,9991231,安星製藥股份有限公司,錠劑,ANTIMONY POTASSIUM TARTRATE+OPIUM POWDER,R05FA02,,鎮咳、袪痰,資訊不足,資訊不足
,AC22105100,ULEXIN CAPSULES 500MG (CEPHALEXIN),”優良”優力黴素膠囊５００毫克（賜福力欣）,0.0,,單方,1.78,1070501,9991231,優良化學製藥股份有限,膠囊劑,CEPHALEXIN (MONOHYDRATE),J01DB01,,,,
,AC22203212,GENTA 40MG/ML INJECTION,健泰注射液４０毫克/毫升,2.0,ML,單方,15,1061201,9991231,意欣國際有限公司,注射劑,GENTAMICIN (SULFATE),J01GB03,,革蘭氏陽性、陰性菌、立克次氏體及巨型濾過性病毒感染症,資訊不足,資訊不足
,AC222271G0,BICODIN TABLETS ”STANDARD”(鋁箔/膠箔),”生達” 必可舒錠,0.0,,複方,2,1001201,9991231,生達化學製藥股份有限,錠劑,BROMHEXINE HCL+DOXYLAMINE SUCCINATE+METAPROTERENOL SULFATE(=ORCIPRENALINE SULFATE),R05CB10,,,,
,AC22297157,BININ-U SOLUTION (HALOPERIDOL),易寧優液（哈羅嗶利杜）,120.0,ML,單方,125,1020601,9991231,瑞士藥廠股份有限公司,內服液劑,HALOPERIDOL,N05AD01,,,,
,AC22441100,WINPRON TABLETS 250MG (NAPROXEN) ”WINSTON”,”溫普隆錠 250公絲,0.0,,單方,1.5,1040401,9991231,溫士頓醫藥股份有限公,錠劑,NAPROXEN,M01AE02,,,,
,AC22465212,CIMETIDINE INJECTION ”CHI SHENG”,”濟生”施免潰瘍注射液（希每得定）,2.0,ML,單方,15,1001201,9991231,濟生醫藥生技股份有限,注射劑,CIMETIDINE,A02BA01,,,,
,AC22557100,REASON TABLETS (LYSOZYME) ”ROYAL”,立爽錠（來縮酵素）,0.0,,單方,1.5,1040201,9991231,皇佳化學製藥股份有限,錠劑,LYSOZYME (CHLORIDE),V03AX,,慢性副鼻腔炎、呼吸器疾患、喀痰喀出困難、小手術時之術中術後出血（齒科、泌尿科領域）,資訊不足,資訊不足
,AC225691G0,CIMETIDINE TABLETS 200MG ”T.F.”(鋁箔/膠箔),”大豐” 胃康錠２００毫克,0.0,,單方,2,1071001,9991231,大豐製藥股份有限公司,錠劑,CIMETIDINE,A02BA01,,,,
,AC22656100,”DICYCLOMINE TABLETS ””S.Y.”””,”””壽元””利賜寧痙錠(待克明)”,0.0,,單方,1.5,1040201,9991231,壽元化學工業股份有限,錠劑,DICYCLOMINE HCL,A03AA07,,,,
,AC22701277,ALLAMIN INJECTION ISOTONIC ”KYORIN”,等張歐拉明注射液,500.0,ML,複方,70,1040101,9991231,杏林新生製藥股份有限,注射劑,ARGININE HCL L-+GLYCINE (=AMINOACETIC ACID)(=GLYCOCOLL)+HISTIDINE L- HCL (= HISTIDINE L- CHLORIDE)+ISOLEUCINE L-+PHENYLALANINE L-+VALINE L-,B05BA01,,虛弱兒、腺病質兒、幼小兒促進發育、增進食慾、消除疲勞、體重增長、營養不良、代謝障害、病中/回復期慢性消耗疾患、增強抵抗力、肝機能障礙、貧血、腎疾患等。,資訊不足,資訊不足
,AC22796212,KETOPROFEN I.M. INJECTION 50MG/ML ”Y.Y.”,”應元”可多普洛菲肌肉注射液50公絲/毫升,2.0,ML,單方,15,1021001,9991231,應元化學製藥股份有限,注射劑,KETOPROFEN,M01AE03,,,,
,AC228361G0,DEFENSE FILM COATED TABLETS ”YUNG SHIN”(CIMETIDINE)(鋁箔/膠箔),”永信”袪潰膜衣錠（希每得定）,0.0,,單方,2,1001201,9991231,永信藥品工業股份有限,膜衣錠,CIMETIDINE,A02BA01,,,,
,AC22952289,UCEFAXIM INJECTION 750MG (CEFUROXIME),優克先黴素注射劑（希福辛）〝優良〞,750.0,MG,單方,25,1060401,9991231,優良化學製藥股份有限,乾粉注射劑,CEFUROXIME (SODIUM),J01DC02,,葡萄球菌、鏈球菌、肺炎雙球菌、腦膜炎球菌及其他具有感受性細菌引起之感染症,資訊不足,資訊不足
,AC23023212,CEPHEN INJECTION (DIPHENIDOL) ”Y.Y.”,”應元”眩暈注射液（敵芬尼朵）,2.0,ML,單方,15,1021001,9991231,應元化學製藥股份有限,注射劑,DIPHENIDOL HCL,N07CA,,,,
,AC23133329,EXTRACOMB CREAM ”S.Y.”,康可麗乳膏,10.0,GM,複方,18.4,1110101,9991231,健喬信元醫藥生技股份,乳膏劑,GRAMICIDIN+NEOMYCIN (SULFATE)+NYSTATIN+TRIAMCINOLONE ACETONIDE,D07CB01,,濕疹、過敏性和發炎性皮膚病、細菌、黴菌之感染症,資訊不足,資訊不足
,AC23169500,CLOMAZOLE VAGINAL TABLETS 100MG ”VPP” (CLOTRIMAZOLE),”榮民”克黴樂陰道100毫克（克催瑪汝）,0.0,,單方,5.6,1120401,9991231,榮民製藥股份有限公司,陰道錠,CLOTRIMAZOLE,G01AF02,,,,
,AC23264100,AMOXICILLIN CAPSULES 250MG ”S.T.”,”信東”安謀黴素膠囊250毫克,0.0,,單方,1.5,1031001,9991231,信東生技股份有限公司,膠囊劑,AMOXYCILLIN (TRIHYDRATE),J01CA04,,,,
,AC23341216,VENTON INJECTION ”LITA” (DICLOFENAC),”利達”免痛注射液（待克菲那）,3.0,ML,單方,15,1030801,9991231,利達製藥股份有限公司,注射劑,DICLOFENAC SODIUM,M01AB05,,,,
,AC23430100,GASPIN TABLETS ”GENTLE” (PIRENZEPINE),”政德”胃健平錠（匹雷辛平）,0.0,,單方,1.79,1030701,9991231,政德製藥股份有限公司,錠劑,PIRENZEPINE 2HCL,A02BX03,,,,
,AC23508100,DALCONE TABLETS (PIPEMIDIC ACID) ”H.H.”,”華興”達康錠（匹培咪迪）,0.0,,單方,3.38,1120401,9991231,華興化學製藥廠股份有,錠劑,PIPEMIDIC ACID (TRIHYDRATE),J01MB04,,,,
,AC23606100,PEPTIDIN TABLETS,”生達” 百胃樂錠,0.0,,複方,1.5,1010101,9991231,生達化學製藥股份有限,錠劑,DRIED ALUMINUM HYDROXIDE GEL+HOMATROPINE METHYLBROMIDE+MAGNESIUM ALUMINUM HYDROXIDE  MONOHYDRATE+MAGNESIUM TRISILICATE,A02AG,,,,
,AC236451G0,HECODEN TABLETS(鋁箔/膠箔),伊咳定錠,0.0,,複方,2,1080801,9991231,元宙化學製藥股份有限,錠劑,BROMHEXINE HCL+DOXYLAMINE SUCCINATE+METAPROTERENOL SULFATE(=ORCIPRENALINE SULFATE),R05CB10,,氣管炎、支氣管炎性氣腫、支氣管擴張所致之喀痰困難症、支氣管氣喘及氣喘性肺支氣管疾患所引起之咳嗽與喀痰,資訊不足,資訊不足
,AC23686100,LYSOZYME TABLETS 90MG ”S.D.”,”世達”來縮酵素錠90毫克,0.0,,單方,1.5,1060801,9991231,世達藥品工業股份有限,錠劑,LYSOZYME (CHLORIDE),V03AX,,,,
,AC23763100,LYZOTOSE TABLETS (LYSOZYME),”元宙”泰平炎錠（來縮酵素）,0.0,,單方,1.5,1031201,9991231,元宙化學製藥股份有限,錠劑,LYSOZYME (CHLORIDE),V03AX,,,,
,AC23789100,TRANCOSU TABLETS,喘咳舒錠,0.0,,複方,2.85,1120401,9991231,昇銘藥品生物科技有限,錠劑,BROMHEXINE HCL+METAPROTERENOL SULFATE(=ORCIPRENALINE SULFATE),R03CB53,,急慢性氣管炎、支氣管炎、支氣管性氣腫、支氣管疾患、感冒引起的喀痰、呼吸困難、支氣管氣喘等,資訊不足,資訊不足
,AC238221G0,DEPHEDOL F.C. TABLETS 25MG(DIPHRNIDOL)(鋁箔/膠箔),”元宙”眩泰膜衣錠２５公絲（敵芬尼朵）,0.0,,單方,2,1080801,9991231,元宙化學製藥股份有限,膜衣錠,DIPHENIDOL HCL,N07CA,,,,
,AC23866100,GENLIMIN S.C. TABLETS ”F.Y.”,”福元”健力命糖衣錠,0.0,,複方,1.5,1100501,9991231,福元化學製藥股份有限,糖衣錠,RIBOFLAVIN (=VIT B2)+THIAMINE DISULFIDE,A11EA,,,,
,AC23920100,BROPIN F.C. TABLETS (BROMOPRIDE) ”STANDARD”,”生達”必樂胃膜衣錠（溴比得）,0.0,,單方,1.5,1010101,9991231,生達化學製藥股份有限,膜衣錠,BROMOPRIDE,A03FA04,,,,
,AC24017100,CIMEDIN TABLETS 200MG (CIMETIDINE) ”TBC”,”信東”欣胃定錠200毫克,0.0,,單方,1.5,1040201,9991231,信東生技股份有限公司,錠劑,CIMETIDINE,A02BA01,,,,
,AC24073212,CIMEDIN INJECTION (CIMETIDINE) ”S.T.”,欣胃定注射液（希每得定）,2.0,ML,單方,15,1030201,9991231,信東生技股份有限公司,注射劑,CIMETIDINE,A02BA01,,住院病人伴隨有病理性胃酸分泌過高之症狀，頑固性（難治的）十二指腸潰瘍，或不能口服之病人消化性潰瘍之短期替代療法．,資訊不足,資訊不足
,AC24127100,DICLOFEN TABLETS (DICLOFENAC),正炎錠（待克菲那）,0.0,,單方,1.5,1031201,9991231,元宙化學製藥股份有限,錠劑,DICLOFENAC SODIUM,M01AB05,,緩解發炎及因發炎反應引起之疼痛。,資訊不足,資訊不足
,AC242122D9,SODIUM CHLORIDE INJECTION 0.45% ”S.T.” (塑膠軟袋裝),氯化鈉注射液０．４５％,2.76,L (LIT,單方,85,1040201,9991231,信東生技股份有限公司,注射劑,SODIUM CHLORIDE,B05XA03,,鈉、氯離子之電解質與水分補給,資訊不足,資訊不足
,AC24277100,SULYANG CAPSUES (SULPIRIDE) ”S.T.”,”世達”舒爾瘍膠囊50毫克（斯而比來特）,0.0,,單方,1.52,1120401,9991231,世達藥品工業股份有限,膠囊劑,SULPIRIDE,N05AL01,,,,
,AC24350100,RELCON CAPSULES 250MG ”YUNG CHI”,利爾康膠囊２５０公絲（妥內散敏）,0.0,,單方,1.5,1061001,9991231,永吉製藥股份有限公司,膠囊劑,TRANEXAMIC ACID,B02AA02,,全身及局部出血或出血性疾病。,資訊不足,資訊不足
,AC244401G0,IKODIN CAPSULES 500MG (CEPHALEXIN)(鋁箔/膠箔),伊克定膠囊５００公絲（賜福力欣）,0.0,,單方,2,1050801,9991231,瑞士藥廠股份有限公司,膠囊劑,CEPHALEXIN (MONOHYDRATE),J01DB01,,葡萄球菌、鏈球菌、肺炎雙球菌、腦膜炎球菌及其他敏感細菌感染,資訊不足,資訊不足
,AC24509100,FLURAZINE F.C. TABLETS 5MG ”VPP” (TRIFLUOPERAZINE),”榮民”福樂生膜衣錠５公絲（鹽酸三氟陪拉辛）,0.0,,單方,1.5,1030801,9991231,榮民製藥股份有限公司,膜衣錠,TRIFLUOPERAZINE (2HCL),N05AB06,,,,
,AC24592100,SULMIN TABLETS,速敏錠,0.0,,單方,1.5,1040201,9991231,壽元化學工業股份有限,錠劑,SULFAMETHOXAZOLE,J01EC01,,肺炎、支氣管炎、扁桃腺炎、大腸炎、髓膜炎、中耳炎、淋病、尿路感染症、子宮內膜炎等,資訊不足,資訊不足
,AC247081G0,SORIN TABLETS 200MG ”YUNG SHIN” (CHLORZOXAZONE)(鋁箔/膠箔),”永信”舒力錠200毫克（氯若沙宗）(鋁箔/膠箔),0.0,,單方,2,1031001,9991231,永信藥品工業股份有限,錠劑,CHLORZOXAZONE,M03BB03,,,,
,AC247571G0,SUITONE F.C. TABLETS 500MG ”Y.K.”(鋁箔/膠箔),”約克”疏痛膜衣錠500毫克,0.0,,單方,2,1091201,9991231,約克製藥股份有限公司,膜衣錠,MEFENAMIC ACID,M01AG01,,,,
,AC248371G0,”TONIFEN F.C. TABLETS 500MG (MEFENAMIC ACID) ”” ROYAL ”””,痛立惠膜衣錠５００公絲（每非那）,0.0,,單方,2,1040401,9991231,皇佳化學製藥股份有限,膜衣錠,MEFENAMIC ACID,M01AG01,,,,
,AC24936100,ERGODAN F.C. TABLETS,益汝朗膜衣錠,0.0,,複方,1.5,1031201,9991231,天下藥品股份有限公司,膜衣錠,CAFFEINE+ERGOTAMINE TARTRATE,N02CA52,,,,
,AC249641G0,MORCASIN TABLETS ”SINPHAR”,”杏輝”孟克杏錠,0.0,,複方,2,1010301,9991231,杏輝藥品工業股份有限,錠劑,SULFAMETHOXAZOLE+TRIMETHOPRIM,J01EE01,,,,
,AC25020100,ERYSTAC CAPSULES 250MG (ERYTHROMYCIN STEARATE) ”KINGDOM”,”景德”愛斯得膠囊２５０公絲（紅絲菌素硬脂酸鹽）,0.0,,單方,1.74,1120701,9991231,健喬信元醫藥生技股份,膠囊劑,ERYTHROMYCIN (STEARATE),J01FA01,,,,
,AC25110100,DEXTROLAMINE CAPSULES ”S.C.”,咳德膠囊,0.0,,複方,1.5,1010201,9991231,十全實業股份有限公司,膠囊劑,DEXTROMETHORPHAN HBR+GUAIACOL GLYCERYL ETHER (=GUAIFENESIN),R05DA,,感冒、急性或慢性支氣管炎、氣管炎、咽喉炎所引起之咳嗽。,資訊不足,資訊不足
,AC25196100,Easygo Tablets ”S.D.”,易治胃錠,0.0,,複方,1.5,1041201,9991231,世達藥品工業股份有限,錠劑,ALUMINUM SILICATE+OXETHAZAINE,A02AX,,,,
,AC252431G0,ERGOXIN TABLETS 1.5MG ”S.C.” (DIHYDROERGOTOXINE METHANESULFONATE) (鋁箔/膠箔),”十全”益爾生錠１．５公絲（待赫果信）(鋁箔/膠箔),0.0,,單方,2,1011001,9991231,十全實業股份有限公司,錠劑,DIHYDROERGOTOXINE METHANESULFONATE,C04AE01,,,,
,AC25301100,OXO CAPSULES ”YUNG SHIN” (OXOLAMINE CITRATE),旺舒膠囊（檸檬酸歐咳拉命）,0.0,,單方,1.5,1001201,9991231,永信藥品工業股份有限,膠囊劑,OXOLAMINE CITRATE,R05DB07,,急、慢性呼吸道疾病、支氣管炎、氣喘性支氣管炎、喉支氣管炎之鎮咳、消炎。,資訊不足,資訊不足
,AC25396100,MEFETON F.C. TABLETS 500MG,美惠痛膜衣錠５００毫克（每非那）,0.0,,單方,1.5,1040801,9991231,福元化學製藥股份有限,膜衣錠,MEFENAMIC ACID,M01AG01,,手術外傷後炎症、腫脹緩解；消炎、鎮痛、解熱；變形性關節症、腰痛、神經痛、頭痛、副鼻腔炎、月經痛、分娩後疼痛、齒痛、急性氣道感染,資訊不足,資訊不足
,AC25449114,AMIYU GRANULES,安命優顆粒,2.5,GM,複方,13.9,1040401,9991231,中國化學製藥股份有限,內服顆粒劑,HISTIDINE HCL+ISOLEUCINE L-+LEUCINE L-+LYSINE HCL+METHIONINE L-+TRYPTOPHAN L-,V06DD,,慢性腎不全時氨基酸之補給,資訊不足,資訊不足
,AC25517100,THECOUGHEN TABLETS ”T.F.”,”大豐”咳喘順錠,0.0,,複方,1.5,1030801,9991231,大豐製藥股份有限公司,錠劑,CHLORPHENIRAMINE MALEATE+DIPROPHYLLINE+METHYLEPHEDRINE HCL,R03DB01,,,,
,AC25555100,BAKTSIN TABLETS ”Y.S.”,”陽生”撲菌使錠,0.0,,複方,1.5,1051201,9991231,臺灣陽生製藥工業股份,錠劑,SULFAMETHOXAZOLE+TRIMETHOPRIM,J01EE01,,,,
,AC25595238,LINCOMYCIN HCL INJECTION 300MG/ML”TF”,”大豐”林可淨注射３００公絲／公撮,20.0,ML,單方,39.2,1031201,9991231,大豐製藥股份有限公司,注射劑,LINCOMYCIN (HCL),J01FF02,,,,
,AC25698100,PIPEMIDON CAPSULES 250MG”T.F.” (PIPEMIDIC ACID),”大豐”必治滅菌膠囊２５０公絲（匹培咪迪）,0.0,,單方,3.38,1120401,9991231,大豐製藥股份有限公司,膠囊劑,PIPEMIDIC ACID (TRIHYDRATE),J01MB04,,,,
,AC25789100,ACTIZYME 90MG CAPSULES (LYSOZYME),”台灣汎生”斷炎菌膠囊90毫克（來縮酵素）,0.0,,單方,1.5,1070201,9991231,臺灣汎生製藥廠股份有,膠囊劑,LYSOZYME (CHLORIDE),V03AX,,,,
,AC25842100,TRANEXIC TABLETS 250MG ”P.L.”,”培力”暢血克錠250毫克,0.0,,單方,1.5,1060401,9991231,培力國際醫藥股份有限,錠劑,TRANEXAMIC ACID,B02AA02,,,,
,AC25918212,DICYCLOMINE INJECTION 10MG/ML ”Y.Y”,〝應元〞待克明注射液10公絲\公撮,2.0,ML,單方,15,1030801,9991231,應元化學製藥股份有限,注射劑,DICYCLOMINE HCL,A03AA07,,胃、十二指腸潰瘍、膽管、尿路結石引起之痙攣,資訊不足,資訊不足
,AC26021214,ANTISAMIN INJECTION 100MG/ML (TRANEXAMIC ACID),抗血炎注射液１００公絲／公撮（妥內散敏）,2.5,ML,單方,15,1060201,9991231,東洲化學製藥廠股份有,注射劑,TRANEXAMIC ACID,B02AA02,,,,
,AC26089100,”SU-FU-DOU TABLETS 500MG (TINIDAZOLE)””M.T.”””,適婦樂錠５００公絲,0.0,,單方,2.09,1040401,9991231,明大化學製藥股份有限,錠劑,TINIDAZOLE,P01AB02,,陰道毛滴蟲症、變形蟲症、賈第鞭毛蟲痢疾及陰道毛滴蟲感染症,資訊不足,資訊不足
,AC26123151,ANTICA SYRUP,伏咳糖漿,60.0,ML,複方,25,1011201,9991231,瑞士藥廠股份有限公司,糖漿劑,BROMHEXINE HCL+DOXYLAMINE SUCCINATE+METAPROTERENOL SULFATE(=ORCIPRENALINE SULFATE),R03CB53,,支氣管氣喘、急慢性支氣管炎、肺氣腫、痙攣性氣管炎、支氣管擴張症引起之咳嗽及喀痰,資訊不足,資訊不足
,AC26133100,SUCAFATE TABLETS 500MG (BASIC ALUMINUM SUCROSE SULFATE),舒克潰錠５００公絲（斯克拉非）,0.0,,單方,1.5,1040401,9991231,皇佳化學製藥股份有限,錠劑,SUCRALFATE(=BASIC ALUMINUM SUCROSE SULFATE),A02BX02,,,,
,AC26205100,SULFAMETHOXAZOLE TABLETS 500MG ”SPC”,美坐磺胺錠５００公絲,0.0,,單方,1.5,1051001,9991231,信隆藥品工業股份有限,錠劑,SULFAMETHOXAZOLE,J01EC01,,大腸炎、下痢、細菌性腹瀉、痢疾、尿路感染、淋巴腺炎、膣炎、手術後感染等,資訊不足,資訊不足
,AC26266209,ANOPAIN INJECTION 20MG/ML ”GENTLE” (NEFOPAM),”政德”安克疼注射液20公絲／公撮（尼夫平）,1.0,ML,單方,15,1050501,9991231,政德製藥股份有限公司,注射劑,NEFOPAM HCL,N02BG06,,,,
,AC26308321,”CANFLAME CREAM 10MG/GM (SILVER SULFADIAZINE) ””WINSTON”””,康膚乳膏10公絲/公克（達淨磺胺銀）,5.0,GM,單方,15.8,1110101,9991231,溫士頓醫藥股份有限公,乳膏劑,SULFADIAZINE SILVER,D06BA01,,,,
,AC26330100,TRANEXAM TABLETS 250MG (TRANEXAMIC ACID),得抑血錠２５０公絲（妥內散敏）,0.0,,單方,1.5,1060401,9991231,強生化學製藥廠股份有,錠劑,TRANEXAMIC ACID,B02AA02,,,,
,AC26400277,TBC NO.2 INJECTION,信東二號點滴注射液,500.0,ML,複方,29.4,1120401,9991231,信東生技股份有限公司,注射劑,DEXTROSE+POTASSIUM ACETATE+SODIUM ACETATE+SODIUM CHLORIDE,B05BB02,,高張性下痢及小兒下痢之水分電解質營養補給,資訊不足,資訊不足
,AC26468435,PILOCARPINE HCL OPHTHALMIC SOLUTION 2% ”WU-FU”,”五福” 鹽酸毛果芸香鹼眼藥水２％,15.0,ML,單方,79,1091001,9991231,五福化學製藥股份有限,點眼液劑,PILOCARPINE HCL,S01EB01,,,,
,AC26554335,STADERM CREAM ”STANDARD”,”生達” 舒爽乳膏,15.0,GM,複方,30.1,1120401,9991231,生達化學製藥股份有限,乳膏劑,ECONAZOLE NITRATE+TRIAMCINOLONE ACETONIDE,D01AC20,,,,
,AC26642212,BROMHEXINE INJECTION 2MG/ML ”Y.Y”,〝應元〞普朗信注射液2公絲（布朗信）,2.0,ML,單方,15,1030801,9991231,應元化學製藥股份有限,注射劑,BROMHEXINE HCL,R05CB02,,下列疾患之袪痰：急慢性支氣管炎、肺結核、塵肺症、手術後、支氣管造影後之造影劑之排泄促進,資訊不足,資訊不足
,AC26703340,SILVA-SULFA 1% CREAM,銀磺胺乳膏１％（磺胺嘧啶銀）,25.0,GM,單方,35.5,1040201,9991231,人人化學製藥股份有限,乳膏劑,SULFADIAZINE SILVER,D06BA01,,二級或三級燒傷所引起革蘭氏陽性菌、陰性菌之感染,資訊不足,資訊不足
,AC26817255,SABS INJECTION FOR IV INFUSION 5MG/ML,沙普注射液５公絲／公撮（咪唑尼達）,100.0,ML,單方,37.3,1120401,9991231,信東生技股份有限公司,注射劑,METRONIDAZOLE,J01XD01,,,,
,AC26872100,BENDOL F.C. TABLETS,免孕吐膜衣錠,0.0,,複方,1.5,1040401,9991231,皇佳化學製藥股份有限,膜衣錠,PYRIDOXINE HCL,R06AA,,妊娠婦之噁心及嘔吐之緩解,資訊不足,資訊不足
,AC269841G0,PEACE TABLETS(鋁箔/膠箔),”永信”鼻福錠,0.0,,複方,2,1071201,9991231,永信藥品工業股份有限,錠劑,PSEUDOEPHEDRINE HCL+TRIPROLIDINE HCL,R01BA52,,,,
,AC27049212,HYCOBAMIN INJECTION 2.5MG ”Y.Y.”,〝應元〞海可命注射液2.5毫克,2.0,ML,單方,15,1091001,9991231,應元化學製藥股份有限,注射劑,HYDROXOCOBALAMIN,B03BA03,,惡性貧血症、出血性貧血、具有神經合併證之惡性貧血、巨紅血球性貧血、維他命B12缺乏症。,資訊不足,資訊不足
,AC27164100,TON-PASS FILM COATED TABLETS 500MG (MEFENAMIC ACID) ”TAI YU”,去痛膜衣錠５００毫克（每非那）,0.0,,單方,1.5,1040401,9991231,臺裕化學製藥廠股份有,膜衣錠,MEFENAMIC ACID,M01AG01,,,,
,AC27254100,ANOPAIN TABLETS 30MG (NEFOPAM) ”GENTLE”,安克疼錠３０公絲（尼夫平）,0.0,,單方,2.56,1120401,9991231,政德製藥股份有限公司,錠劑,NEFOPAM HCL,N02BG06,,鎮痛,資訊不足,資訊不足
,AC27361100,DITROPAN TABLETS 5MG (OXYBUTYNIN),”寶齡”達多幫錠５公絲（奧斯必得寧）,0.0,,單方,2.02,1120401,9991231,寶齡富錦生技股份有限,錠劑,OXYBUTYNIN CHLORIDE (=OXIBUTININA HCL=OXYBUTYNIN H,G04BD04,,,,
,AC27438100,ISOBIDE TABLETS 10MG ”WEIDAR”,易適倍錠１０公絲（伊索倍雷）,0.0,,單方,1.5,1030801,9991231,衛達化學製藥股份有限,錠劑,ISOSORBIDE DINITRATE,C01DA08,,預防狹心症之發作。,資訊不足,資訊不足
,AC27449100,LOPICOL F.C. TABLETS 250MG (PROBUCOL) ”WEIDAR,樂脂克膜衣錠２５０公絲（匹洛布克）,0.0,,單方,3.33,1040401,9991231,衛達化學製藥股份有限,膜衣錠,PROBUCOL,C10AX02,,高膽固醇血症,資訊不足,資訊不足
,AC27492100,KALIMINE-A.S.C. TABLETS 50MG ”UNION”,”聯邦” 康力命－愛糖衣錠50毫克,0.0,,複方,1.5,1040101,9991231,聯邦化學製藥股份有限,糖衣錠,CYANOCOBALAMIN (=VIT B12)+PYRIDOXINE HCL+RIBOFLAVIN (=VIT B2)+THIAMINE TETRAHYDROFURFURYL DISULFIDE,A11DB,,,,
